-- phpMyAdmin SQL Dump
-- version 5.2.1
-- https://www.phpmyadmin.net/
--
-- Host: 127.0.0.1
-- Generation Time: Dec 07, 2025 at 01:46 AM
-- Server version: 10.4.32-MariaDB
-- PHP Version: 8.2.12

SET SQL_MODE = "NO_AUTO_VALUE_ON_ZERO";
START TRANSACTION;
SET time_zone = "+00:00";


/*!40101 SET @OLD_CHARACTER_SET_CLIENT=@@CHARACTER_SET_CLIENT */;
/*!40101 SET @OLD_CHARACTER_SET_RESULTS=@@CHARACTER_SET_RESULTS */;
/*!40101 SET @OLD_COLLATION_CONNECTION=@@COLLATION_CONNECTION */;
/*!40101 SET NAMES utf8mb4 */;

--
-- Database: `horarios_universidad`
--

-- --------------------------------------------------------

--
-- Table structure for table `asignaciones`
--

CREATE TABLE `asignaciones` (
  `id` int(11) NOT NULL,
  `horario_id` int(11) NOT NULL,
  `maestro_id` int(11) NOT NULL,
  `materia_id` int(11) NOT NULL,
  `grupo_id` int(11) NOT NULL,
  `dia_semana` int(11) NOT NULL,
  `hora_inicio` int(11) NOT NULL,
  `hora_fin` int(11) NOT NULL
) ENGINE=InnoDB DEFAULT CHARSET=utf8mb4 COLLATE=utf8mb4_general_ci;

--
-- Dumping data for table `asignaciones`
--

INSERT INTO `asignaciones` (`id`, `horario_id`, `maestro_id`, `materia_id`, `grupo_id`, `dia_semana`, `hora_inicio`, `hora_fin`) VALUES
(2121, 74, 133, 10, 74, 0, 7, 8),
(2122, 74, 103, 9, 74, 0, 8, 9),
(2123, 74, 102, 15, 74, 0, 9, 10),
(2124, 74, 110, 11, 74, 0, 10, 12),
(2125, 74, 126, 13, 74, 0, 12, 13),
(2126, 74, 109, 14, 74, 0, 13, 14),
(2127, 74, 102, 15, 74, 1, 7, 8),
(2128, 74, 133, 10, 74, 1, 8, 9),
(2129, 74, 110, 11, 74, 1, 9, 11),
(2130, 74, 103, 9, 74, 1, 11, 12),
(2131, 74, 116, 12, 74, 1, 12, 13),
(2132, 74, 126, 13, 74, 1, 13, 14),
(2133, 74, 116, 12, 74, 2, 7, 8),
(2134, 74, 126, 13, 74, 2, 8, 10),
(2135, 74, 102, 15, 74, 2, 10, 11),
(2136, 74, 109, 14, 74, 2, 11, 12),
(2137, 74, 110, 11, 74, 2, 12, 13),
(2138, 74, 103, 9, 74, 2, 13, 14),
(2139, 74, 110, 11, 74, 3, 7, 8),
(2140, 74, 109, 14, 74, 3, 8, 9),
(2141, 74, 116, 12, 74, 3, 9, 10),
(2142, 74, 133, 10, 74, 3, 10, 11),
(2143, 74, 102, 15, 74, 3, 11, 12),
(2144, 74, 103, 9, 74, 3, 12, 13),
(2145, 74, 126, 13, 74, 3, 13, 14),
(2146, 74, 116, 12, 74, 4, 7, 8),
(2147, 74, 110, 11, 74, 4, 8, 9),
(2148, 74, 126, 13, 74, 4, 9, 10),
(2149, 74, 102, 15, 74, 4, 10, 11),
(2150, 74, 109, 14, 74, 4, 11, 12),
(2151, 74, 103, 9, 74, 4, 12, 13),
(2152, 74, 133, 10, 74, 4, 13, 14),
(2153, 75, 96, 9, 75, 0, 7, 8),
(2154, 75, 110, 11, 75, 0, 8, 10),
(2155, 75, 102, 15, 75, 0, 10, 11),
(2156, 75, 118, 13, 75, 0, 11, 12),
(2157, 75, 99, 10, 75, 0, 12, 13),
(2158, 75, 109, 14, 75, 0, 13, 14),
(2159, 75, 132, 12, 75, 1, 7, 8),
(2160, 75, 99, 10, 75, 1, 8, 9),
(2161, 75, 118, 13, 75, 1, 9, 10),
(2162, 75, 96, 9, 75, 1, 10, 11),
(2163, 75, 110, 11, 75, 1, 11, 13),
(2164, 75, 102, 15, 75, 1, 13, 14),
(2165, 75, 109, 14, 75, 2, 7, 8),
(2166, 75, 118, 13, 75, 2, 8, 10),
(2167, 75, 110, 11, 75, 2, 10, 11),
(2168, 75, 96, 9, 75, 2, 11, 12),
(2169, 75, 102, 15, 75, 2, 12, 13),
(2170, 75, 132, 12, 75, 2, 13, 14),
(2171, 75, 110, 11, 75, 3, 7, 8),
(2172, 75, 109, 14, 75, 3, 8, 9),
(2173, 75, 132, 12, 75, 3, 9, 10),
(2174, 75, 118, 13, 75, 3, 10, 11),
(2175, 75, 99, 10, 75, 3, 11, 12),
(2176, 75, 102, 15, 75, 3, 12, 13),
(2177, 75, 96, 9, 75, 3, 13, 14),
(2178, 75, 102, 15, 75, 4, 7, 8),
(2179, 75, 99, 10, 75, 4, 8, 9),
(2180, 75, 110, 11, 75, 4, 9, 10),
(2181, 75, 96, 9, 75, 4, 10, 11),
(2182, 75, 118, 13, 75, 4, 11, 12),
(2183, 75, 132, 12, 75, 4, 12, 13),
(2184, 75, 109, 14, 75, 4, 13, 14),
(2185, 76, 96, 16, 76, 0, 7, 8),
(2186, 76, 109, 21, 76, 0, 8, 9),
(2187, 76, 116, 19, 76, 0, 9, 10),
(2188, 76, 105, 22, 76, 0, 10, 11),
(2189, 76, 126, 18, 76, 0, 11, 13),
(2190, 76, 97, 20, 76, 0, 13, 14),
(2191, 76, 126, 18, 76, 1, 7, 8),
(2192, 76, 107, 17, 76, 1, 8, 9),
(2193, 76, 105, 22, 76, 1, 9, 10),
(2194, 76, 96, 16, 76, 1, 10, 11),
(2195, 76, 116, 19, 76, 1, 11, 12),
(2196, 76, 97, 20, 76, 1, 12, 13),
(2197, 76, 109, 21, 76, 1, 13, 14),
(2198, 76, 96, 16, 76, 2, 7, 8),
(2199, 76, 109, 21, 76, 2, 8, 9),
(2200, 76, 126, 18, 76, 2, 9, 10),
(2201, 76, 105, 22, 76, 2, 10, 11),
(2202, 76, 97, 20, 76, 2, 11, 12),
(2203, 76, 107, 17, 76, 2, 12, 13),
(2204, 76, 116, 19, 76, 2, 13, 14),
(2205, 76, 96, 16, 76, 3, 7, 8),
(2206, 76, 107, 17, 76, 3, 8, 9),
(2207, 76, 105, 22, 76, 3, 9, 10),
(2208, 76, 109, 21, 76, 3, 10, 11),
(2209, 76, 126, 18, 76, 3, 11, 12),
(2210, 76, 97, 20, 76, 3, 12, 13),
(2211, 76, 116, 19, 76, 3, 13, 14),
(2212, 76, 126, 18, 76, 4, 7, 8),
(2213, 76, 105, 22, 76, 4, 8, 9),
(2214, 76, 116, 19, 76, 4, 9, 10),
(2215, 76, 109, 21, 76, 4, 10, 11),
(2216, 76, 107, 17, 76, 4, 11, 12),
(2217, 76, 97, 20, 76, 4, 12, 13),
(2218, 76, 96, 16, 76, 4, 13, 14),
(2219, 77, 115, 16, 77, 0, 7, 8),
(2220, 77, 122, 22, 77, 0, 8, 9),
(2221, 77, 100, 19, 77, 0, 9, 10),
(2222, 77, 97, 20, 77, 0, 10, 11),
(2223, 77, 128, 21, 77, 0, 11, 12),
(2224, 77, 110, 18, 77, 0, 12, 14),
(2225, 77, 97, 20, 77, 1, 7, 8),
(2226, 77, 107, 17, 77, 1, 8, 9),
(2227, 77, 128, 21, 77, 1, 9, 10),
(2228, 77, 110, 18, 77, 1, 10, 11),
(2229, 77, 122, 22, 77, 1, 11, 12),
(2230, 77, 115, 16, 77, 1, 12, 13),
(2231, 77, 100, 19, 77, 1, 13, 14),
(2232, 77, 115, 16, 77, 2, 7, 8),
(2233, 77, 128, 21, 77, 2, 8, 9),
(2234, 77, 97, 20, 77, 2, 9, 10),
(2235, 77, 110, 18, 77, 2, 10, 11),
(2236, 77, 122, 22, 77, 2, 11, 12),
(2237, 77, 107, 17, 77, 2, 12, 13),
(2238, 77, 100, 19, 77, 2, 13, 14),
(2239, 77, 115, 16, 77, 3, 7, 8),
(2240, 77, 107, 17, 77, 3, 8, 9),
(2241, 77, 110, 18, 77, 3, 9, 10),
(2242, 77, 128, 21, 77, 3, 10, 11),
(2243, 77, 122, 22, 77, 3, 11, 12),
(2244, 77, 100, 19, 77, 3, 12, 13),
(2245, 77, 97, 20, 77, 3, 13, 14),
(2246, 77, 128, 21, 77, 4, 7, 8),
(2247, 77, 110, 18, 77, 4, 8, 9),
(2248, 77, 107, 17, 77, 4, 9, 10),
(2249, 77, 100, 19, 77, 4, 10, 11),
(2250, 77, 122, 22, 77, 4, 11, 12),
(2251, 77, 97, 20, 77, 4, 12, 13),
(2252, 77, 115, 16, 77, 4, 13, 14),
(2253, 78, 101, 27, 78, 0, 7, 8),
(2254, 78, 135, 24, 78, 0, 8, 9),
(2255, 78, 134, 26, 78, 0, 9, 10),
(2256, 78, 103, 23, 78, 0, 10, 11),
(2257, 78, 128, 28, 78, 0, 11, 13),
(2258, 78, 97, 25, 78, 0, 13, 14),
(2259, 78, 117, 29, 78, 1, 7, 8),
(2260, 78, 134, 26, 78, 1, 8, 9),
(2261, 78, 103, 23, 78, 1, 9, 10),
(2262, 78, 97, 25, 78, 1, 10, 11),
(2263, 78, 128, 28, 78, 1, 11, 13),
(2264, 78, 101, 27, 78, 1, 13, 14),
(2265, 78, 128, 28, 78, 2, 7, 8),
(2266, 78, 103, 23, 78, 2, 8, 9),
(2267, 78, 135, 24, 78, 2, 9, 10),
(2268, 78, 101, 27, 78, 2, 10, 11),
(2269, 78, 117, 29, 78, 2, 11, 12),
(2270, 78, 134, 26, 78, 2, 12, 14),
(2271, 78, 101, 27, 78, 3, 7, 8),
(2272, 78, 103, 23, 78, 3, 8, 9),
(2273, 78, 117, 29, 78, 3, 9, 10),
(2274, 78, 97, 25, 78, 3, 10, 11),
(2275, 78, 135, 24, 78, 3, 11, 12),
(2276, 78, 134, 26, 78, 3, 12, 13),
(2277, 78, 128, 28, 78, 3, 13, 14),
(2278, 78, 101, 27, 78, 4, 7, 8),
(2279, 78, 97, 25, 78, 4, 8, 9),
(2280, 78, 117, 29, 78, 4, 9, 10),
(2281, 78, 128, 28, 78, 4, 10, 11),
(2282, 78, 103, 23, 78, 4, 11, 12),
(2283, 78, 135, 24, 78, 4, 12, 13),
(2284, 78, 134, 26, 78, 4, 13, 14),
(2285, 79, 108, 26, 79, 0, 7, 8),
(2286, 79, 102, 24, 79, 0, 8, 9),
(2287, 79, 112, 28, 79, 0, 9, 11),
(2288, 79, 101, 27, 79, 0, 11, 12),
(2289, 79, 97, 25, 79, 0, 12, 13),
(2290, 79, 103, 23, 79, 0, 13, 14),
(2291, 79, 101, 27, 79, 1, 7, 8),
(2292, 79, 108, 26, 79, 1, 8, 9),
(2293, 79, 103, 23, 79, 1, 9, 10),
(2294, 79, 97, 25, 79, 1, 10, 11),
(2295, 79, 125, 29, 79, 1, 11, 12),
(2296, 79, 112, 28, 79, 1, 12, 14),
(2297, 79, 102, 24, 79, 2, 7, 8),
(2298, 79, 101, 27, 79, 2, 8, 9),
(2299, 79, 125, 29, 79, 2, 9, 10),
(2300, 79, 103, 23, 79, 2, 10, 11),
(2301, 79, 112, 28, 79, 2, 11, 12),
(2302, 79, 108, 26, 79, 2, 12, 14),
(2303, 79, 97, 25, 79, 3, 7, 8),
(2304, 79, 112, 28, 79, 3, 8, 9),
(2305, 79, 101, 27, 79, 3, 9, 10),
(2306, 79, 108, 26, 79, 3, 10, 11),
(2307, 79, 125, 29, 79, 3, 11, 12),
(2308, 79, 102, 24, 79, 3, 12, 13),
(2309, 79, 103, 23, 79, 3, 13, 14),
(2310, 79, 97, 25, 79, 4, 7, 8),
(2311, 79, 112, 28, 79, 4, 8, 9),
(2312, 79, 108, 26, 79, 4, 9, 10),
(2313, 79, 125, 29, 79, 4, 10, 11),
(2314, 79, 102, 24, 79, 4, 11, 12),
(2315, 79, 101, 27, 79, 4, 12, 13),
(2316, 79, 103, 23, 79, 4, 13, 14),
(2317, 80, 123, 35, 80, 0, 7, 9),
(2318, 80, 106, 33, 80, 0, 9, 10),
(2319, 80, 96, 30, 80, 0, 10, 11),
(2320, 80, 125, 34, 80, 0, 11, 12),
(2321, 80, 108, 36, 80, 0, 12, 13),
(2322, 80, 97, 32, 80, 0, 13, 14),
(2323, 80, 96, 30, 80, 1, 7, 8),
(2324, 80, 97, 32, 80, 1, 8, 9),
(2325, 80, 108, 36, 80, 1, 9, 10),
(2326, 80, 125, 34, 80, 1, 10, 11),
(2327, 80, 106, 33, 80, 1, 11, 12),
(2328, 80, 99, 31, 80, 1, 12, 13),
(2329, 80, 123, 35, 80, 1, 13, 14),
(2330, 80, 108, 36, 80, 2, 7, 8),
(2331, 80, 99, 31, 80, 2, 8, 9),
(2332, 80, 106, 33, 80, 2, 9, 10),
(2333, 80, 123, 35, 80, 2, 10, 11),
(2334, 80, 96, 30, 80, 2, 11, 12),
(2335, 80, 97, 32, 80, 2, 12, 13),
(2336, 80, 125, 34, 80, 2, 13, 14),
(2337, 80, 99, 31, 80, 3, 7, 8),
(2338, 80, 108, 36, 80, 3, 8, 9),
(2339, 80, 106, 33, 80, 3, 9, 10),
(2340, 80, 96, 30, 80, 3, 10, 11),
(2341, 80, 125, 34, 80, 3, 11, 12),
(2342, 80, 97, 32, 80, 3, 12, 13),
(2343, 80, 123, 35, 80, 3, 13, 14),
(2344, 80, 106, 33, 80, 4, 7, 8),
(2345, 80, 123, 35, 80, 4, 8, 9),
(2346, 80, 96, 30, 80, 4, 9, 10),
(2347, 80, 125, 34, 80, 4, 10, 11),
(2348, 80, 97, 32, 80, 4, 11, 12),
(2349, 80, 108, 36, 80, 4, 12, 13),
(2350, 80, 99, 31, 80, 4, 13, 14),
(2351, 81, 112, 33, 81, 0, 7, 8),
(2352, 81, 123, 35, 81, 0, 8, 10),
(2353, 81, 127, 30, 81, 0, 10, 11),
(2354, 81, 125, 34, 81, 0, 11, 12),
(2355, 81, 108, 36, 81, 0, 12, 13),
(2356, 81, 118, 32, 81, 0, 13, 14),
(2357, 81, 99, 31, 81, 1, 7, 8),
(2358, 81, 123, 35, 81, 1, 8, 9),
(2359, 81, 118, 32, 81, 1, 9, 10),
(2360, 81, 112, 33, 81, 1, 10, 11),
(2361, 81, 127, 30, 81, 1, 11, 12),
(2362, 81, 108, 36, 81, 1, 12, 13),
(2363, 81, 125, 34, 81, 1, 13, 14),
(2364, 81, 99, 31, 81, 2, 7, 8),
(2365, 81, 112, 33, 81, 2, 8, 9),
(2366, 81, 125, 34, 81, 2, 9, 10),
(2367, 81, 118, 32, 81, 2, 10, 11),
(2368, 81, 123, 35, 81, 2, 11, 12),
(2369, 81, 108, 36, 81, 2, 12, 13),
(2370, 81, 127, 30, 81, 2, 13, 14),
(2371, 81, 123, 35, 81, 3, 7, 8),
(2372, 81, 127, 30, 81, 3, 8, 9),
(2373, 81, 112, 33, 81, 3, 9, 10),
(2374, 81, 99, 31, 81, 3, 10, 11),
(2375, 81, 108, 36, 81, 3, 11, 12),
(2376, 81, 125, 34, 81, 3, 12, 13),
(2377, 81, 118, 32, 81, 3, 13, 14),
(2378, 81, 99, 31, 81, 4, 7, 8),
(2379, 81, 112, 33, 81, 4, 8, 9),
(2380, 81, 123, 35, 81, 4, 9, 10),
(2381, 81, 127, 30, 81, 4, 10, 11),
(2382, 81, 118, 32, 81, 4, 11, 12),
(2383, 81, 125, 34, 81, 4, 12, 13),
(2384, 81, 108, 36, 81, 4, 13, 14),
(2385, 82, 130, 40, 82, 0, 7, 10),
(2386, 82, 97, 39, 82, 0, 10, 11),
(2387, 82, 101, 41, 82, 0, 11, 12),
(2388, 82, 120, 38, 82, 0, 12, 13),
(2389, 82, 108, 42, 82, 0, 13, 14),
(2390, 82, 101, 41, 82, 1, 7, 8),
(2391, 82, 117, 43, 82, 1, 8, 9),
(2392, 82, 97, 39, 82, 1, 9, 10),
(2393, 82, 108, 42, 82, 1, 10, 12),
(2394, 82, 130, 40, 82, 1, 12, 14),
(2395, 82, 117, 43, 82, 2, 7, 8),
(2396, 82, 120, 38, 82, 2, 8, 9),
(2397, 82, 101, 41, 82, 2, 9, 10),
(2398, 82, 97, 39, 82, 2, 10, 11),
(2399, 82, 130, 40, 82, 2, 11, 13),
(2400, 82, 108, 42, 82, 2, 13, 14),
(2401, 82, 101, 41, 82, 3, 7, 8),
(2402, 82, 130, 40, 82, 3, 8, 10),
(2403, 82, 97, 39, 82, 3, 10, 11),
(2404, 82, 117, 43, 82, 3, 11, 12),
(2405, 82, 120, 38, 82, 3, 12, 13),
(2406, 82, 108, 42, 82, 3, 13, 14),
(2407, 82, 97, 39, 82, 4, 7, 8),
(2408, 82, 130, 40, 82, 4, 8, 10),
(2409, 82, 108, 42, 82, 4, 10, 11),
(2410, 82, 101, 41, 82, 4, 11, 12),
(2411, 82, 117, 43, 82, 4, 12, 13),
(2412, 82, 120, 38, 82, 4, 13, 14),
(2413, 83, 106, 40, 83, 0, 7, 10),
(2414, 83, 118, 39, 83, 0, 10, 11),
(2415, 83, 133, 38, 83, 0, 11, 12),
(2416, 83, 121, 41, 83, 0, 12, 13),
(2417, 83, 134, 42, 83, 0, 13, 14),
(2418, 83, 134, 42, 83, 1, 7, 9),
(2419, 83, 106, 40, 83, 1, 9, 11),
(2420, 83, 117, 43, 83, 1, 11, 12),
(2421, 83, 121, 41, 83, 1, 12, 13),
(2422, 83, 118, 39, 83, 1, 13, 14),
(2423, 83, 133, 38, 83, 2, 7, 8),
(2424, 83, 118, 39, 83, 2, 8, 9),
(2425, 83, 106, 40, 83, 2, 9, 11),
(2426, 83, 121, 41, 83, 2, 11, 12),
(2427, 83, 134, 42, 83, 2, 12, 13),
(2428, 83, 117, 43, 83, 2, 13, 14),
(2429, 83, 134, 42, 83, 3, 7, 8),
(2430, 83, 106, 40, 83, 3, 8, 10),
(2431, 83, 118, 39, 83, 3, 10, 11),
(2432, 83, 133, 38, 83, 3, 11, 12),
(2433, 83, 121, 41, 83, 3, 12, 13),
(2434, 83, 117, 43, 83, 3, 13, 14),
(2435, 83, 133, 38, 83, 4, 7, 8),
(2436, 83, 106, 40, 83, 4, 8, 10),
(2437, 83, 117, 43, 83, 4, 10, 11),
(2438, 83, 121, 41, 83, 4, 11, 12),
(2439, 83, 134, 42, 83, 4, 12, 13),
(2440, 83, 118, 39, 83, 4, 13, 14),
(2441, 84, 116, 51, 84, 0, 7, 8),
(2442, 84, 115, 45, 84, 0, 8, 9),
(2443, 84, 113, 47, 84, 0, 9, 10),
(2444, 84, 131, 48, 84, 0, 10, 12),
(2445, 84, 114, 46, 84, 0, 12, 13),
(2446, 84, 129, 50, 84, 0, 13, 14),
(2447, 84, 131, 48, 84, 1, 7, 9),
(2448, 84, 115, 45, 84, 1, 9, 10),
(2449, 84, 113, 47, 84, 1, 10, 11),
(2450, 84, 116, 51, 84, 1, 11, 12),
(2451, 84, 129, 50, 84, 1, 12, 14),
(2452, 84, 129, 50, 84, 2, 7, 8),
(2453, 84, 114, 46, 84, 2, 8, 9),
(2454, 84, 131, 48, 84, 2, 9, 11),
(2455, 84, 116, 51, 84, 2, 11, 13),
(2456, 84, 115, 45, 84, 2, 13, 14),
(2457, 84, 114, 46, 84, 3, 7, 8),
(2458, 84, 131, 48, 84, 3, 8, 10),
(2459, 84, 116, 51, 84, 3, 10, 11),
(2460, 84, 113, 47, 84, 3, 11, 12),
(2461, 84, 129, 50, 84, 3, 12, 13),
(2462, 84, 115, 45, 84, 3, 13, 14),
(2463, 84, 131, 48, 84, 4, 7, 9),
(2464, 84, 129, 50, 84, 4, 9, 10),
(2465, 84, 113, 47, 84, 4, 10, 11),
(2466, 84, 116, 51, 84, 4, 11, 12),
(2467, 84, 115, 45, 84, 4, 12, 13),
(2468, 84, 114, 46, 84, 4, 13, 14),
(2469, 85, 114, 49, 85, 0, 7, 8),
(2470, 85, 124, 48, 85, 0, 8, 10),
(2471, 85, 101, 50, 85, 0, 10, 11),
(2472, 85, 115, 45, 85, 0, 11, 12),
(2473, 85, 113, 47, 85, 0, 12, 13),
(2474, 85, 116, 51, 85, 0, 13, 14),
(2475, 85, 114, 49, 85, 1, 7, 8),
(2476, 85, 124, 48, 85, 1, 8, 9),
(2477, 85, 107, 46, 85, 1, 9, 10),
(2478, 85, 115, 45, 85, 1, 10, 11),
(2479, 85, 101, 50, 85, 1, 11, 13),
(2480, 85, 116, 51, 85, 1, 13, 14),
(2481, 85, 115, 45, 85, 2, 7, 8),
(2482, 85, 107, 46, 85, 2, 8, 9),
(2483, 85, 101, 50, 85, 2, 9, 10),
(2484, 85, 113, 47, 85, 2, 10, 11),
(2485, 85, 116, 51, 85, 2, 11, 13),
(2486, 85, 124, 48, 85, 2, 13, 14),
(2487, 85, 107, 46, 85, 3, 7, 8),
(2488, 85, 114, 49, 85, 3, 8, 9),
(2489, 85, 116, 51, 85, 3, 9, 10),
(2490, 85, 113, 47, 85, 3, 10, 11),
(2491, 85, 124, 48, 85, 3, 11, 12),
(2492, 85, 115, 45, 85, 3, 12, 13),
(2493, 85, 101, 50, 85, 3, 13, 14),
(2494, 85, 101, 50, 85, 4, 7, 8),
(2495, 85, 116, 51, 85, 4, 8, 9),
(2496, 85, 107, 46, 85, 4, 9, 10),
(2497, 85, 113, 47, 85, 4, 10, 11),
(2498, 85, 124, 48, 85, 4, 11, 12),
(2499, 85, 114, 49, 85, 4, 12, 13),
(2500, 85, 115, 45, 85, 4, 13, 14),
(2501, 86, 100, 56, 86, 0, 7, 8),
(2502, 86, 96, 52, 86, 0, 8, 9),
(2503, 86, 122, 53, 86, 0, 9, 10),
(2504, 86, 105, 58, 86, 0, 10, 11),
(2505, 86, 124, 55, 86, 0, 11, 12),
(2506, 86, 109, 57, 86, 0, 12, 14),
(2507, 86, 124, 55, 86, 1, 7, 8),
(2508, 86, 100, 56, 86, 1, 8, 9),
(2509, 86, 122, 53, 86, 1, 9, 10),
(2510, 86, 113, 54, 86, 1, 10, 11),
(2511, 86, 105, 58, 86, 1, 11, 12),
(2512, 86, 109, 57, 86, 1, 12, 13),
(2513, 86, 96, 52, 86, 1, 13, 14),
(2514, 86, 100, 56, 86, 2, 7, 8),
(2515, 86, 109, 57, 86, 2, 8, 9),
(2516, 86, 96, 52, 86, 2, 9, 10),
(2517, 86, 105, 58, 86, 2, 10, 11),
(2518, 86, 122, 53, 86, 2, 11, 12),
(2519, 86, 113, 54, 86, 2, 12, 13),
(2520, 86, 124, 55, 86, 2, 13, 14),
(2521, 86, 122, 53, 86, 3, 7, 8),
(2522, 86, 100, 56, 86, 3, 8, 9),
(2523, 86, 109, 57, 86, 3, 9, 10),
(2524, 86, 105, 58, 86, 3, 10, 11),
(2525, 86, 124, 55, 86, 3, 11, 12),
(2526, 86, 96, 52, 86, 3, 12, 13),
(2527, 86, 113, 54, 86, 3, 13, 14),
(2528, 86, 122, 53, 86, 4, 7, 8),
(2529, 86, 96, 52, 86, 4, 8, 9),
(2530, 86, 100, 56, 86, 4, 9, 10),
(2531, 86, 109, 57, 86, 4, 10, 11),
(2532, 86, 113, 54, 86, 4, 11, 12),
(2533, 86, 105, 58, 86, 4, 12, 13),
(2534, 86, 124, 55, 86, 4, 13, 14),
(2535, 87, 105, 56, 87, 0, 7, 8),
(2536, 87, 104, 53, 87, 0, 8, 9),
(2537, 87, 131, 55, 87, 0, 9, 10),
(2538, 87, 109, 57, 87, 0, 10, 13),
(2539, 87, 96, 52, 87, 0, 13, 14),
(2540, 87, 96, 52, 87, 1, 7, 8),
(2541, 87, 104, 53, 87, 1, 8, 9),
(2542, 87, 109, 57, 87, 1, 9, 11),
(2543, 87, 113, 54, 87, 1, 11, 12),
(2544, 87, 131, 55, 87, 1, 12, 13),
(2545, 87, 105, 56, 87, 1, 13, 14),
(2546, 87, 105, 56, 87, 2, 7, 8),
(2547, 87, 109, 57, 87, 2, 8, 10),
(2548, 87, 113, 54, 87, 2, 10, 11),
(2549, 87, 104, 53, 87, 2, 11, 12),
(2550, 87, 96, 52, 87, 2, 12, 13),
(2551, 87, 131, 55, 87, 2, 13, 14),
(2552, 87, 109, 57, 87, 3, 7, 9),
(2553, 87, 131, 55, 87, 3, 9, 10),
(2554, 87, 96, 52, 87, 3, 10, 11),
(2555, 87, 104, 53, 87, 3, 11, 12),
(2556, 87, 113, 54, 87, 3, 12, 13),
(2557, 87, 105, 56, 87, 3, 13, 14),
(2558, 87, 105, 56, 87, 4, 7, 8),
(2559, 87, 96, 52, 87, 4, 8, 9),
(2560, 87, 131, 55, 87, 4, 9, 10),
(2561, 87, 113, 54, 87, 4, 10, 11),
(2562, 87, 109, 57, 87, 4, 11, 13),
(2563, 87, 104, 53, 87, 4, 13, 14),
(2564, 88, 124, 63, 88, 0, 7, 8),
(2565, 88, 111, 62, 88, 0, 8, 10),
(2566, 88, 106, 64, 88, 0, 10, 11),
(2567, 88, 122, 60, 88, 0, 11, 12),
(2568, 88, 115, 59, 88, 0, 12, 13),
(2569, 88, 113, 61, 88, 0, 13, 14),
(2570, 88, 117, 65, 88, 1, 7, 8),
(2571, 88, 111, 62, 88, 1, 8, 9),
(2572, 88, 115, 59, 88, 1, 9, 10),
(2573, 88, 106, 64, 88, 1, 10, 12),
(2574, 88, 124, 63, 88, 1, 12, 13),
(2575, 88, 122, 60, 88, 1, 13, 14),
(2576, 88, 113, 61, 88, 2, 7, 8),
(2577, 88, 117, 65, 88, 2, 8, 9),
(2578, 88, 124, 63, 88, 2, 9, 10),
(2579, 88, 111, 62, 88, 2, 10, 11),
(2580, 88, 122, 60, 88, 2, 11, 12),
(2581, 88, 115, 59, 88, 2, 12, 13),
(2582, 88, 106, 64, 88, 2, 13, 14),
(2583, 88, 122, 60, 88, 3, 7, 8),
(2584, 88, 111, 62, 88, 3, 8, 9),
(2585, 88, 106, 64, 88, 3, 9, 10),
(2586, 88, 124, 63, 88, 3, 10, 11),
(2587, 88, 113, 61, 88, 3, 11, 12),
(2588, 88, 115, 59, 88, 3, 12, 13),
(2589, 88, 117, 65, 88, 3, 13, 14),
(2590, 88, 106, 64, 88, 4, 7, 8),
(2591, 88, 113, 61, 88, 4, 8, 9),
(2592, 88, 117, 65, 88, 4, 9, 10),
(2593, 88, 124, 63, 88, 4, 10, 11),
(2594, 88, 122, 60, 88, 4, 11, 12),
(2595, 88, 115, 59, 88, 4, 12, 13),
(2596, 88, 111, 62, 88, 4, 13, 14),
(2597, 89, 117, 63, 89, 0, 7, 8),
(2598, 89, 121, 62, 89, 0, 8, 10),
(2599, 89, 106, 64, 89, 0, 10, 11),
(2600, 89, 113, 61, 89, 0, 11, 12),
(2601, 89, 104, 60, 89, 0, 12, 13),
(2602, 89, 103, 59, 89, 0, 13, 14),
(2603, 89, 121, 62, 89, 1, 7, 9),
(2604, 89, 103, 59, 89, 1, 9, 10),
(2605, 89, 117, 63, 89, 1, 10, 11),
(2606, 89, 104, 60, 89, 1, 11, 12),
(2607, 89, 106, 64, 89, 1, 12, 14),
(2608, 89, 117, 63, 89, 2, 7, 8),
(2609, 89, 121, 62, 89, 2, 8, 10),
(2610, 89, 106, 64, 89, 2, 10, 11),
(2611, 89, 113, 61, 89, 2, 11, 12),
(2612, 89, 103, 59, 89, 2, 12, 13),
(2613, 89, 104, 60, 89, 2, 13, 14),
(2614, 89, 113, 61, 89, 3, 7, 8),
(2615, 89, 103, 59, 89, 3, 8, 9),
(2616, 89, 104, 60, 89, 3, 9, 10),
(2617, 89, 121, 62, 89, 3, 10, 12),
(2618, 89, 117, 63, 89, 3, 12, 13),
(2619, 89, 106, 64, 89, 3, 13, 14),
(2620, 89, 104, 60, 89, 4, 7, 8),
(2621, 89, 106, 64, 89, 4, 8, 9),
(2622, 89, 113, 61, 89, 4, 9, 10),
(2623, 89, 121, 62, 89, 4, 10, 12),
(2624, 89, 117, 63, 89, 4, 12, 13),
(2625, 89, 103, 59, 89, 4, 13, 14);

-- --------------------------------------------------------

--
-- Table structure for table `disponibilidad_maestros`
--

CREATE TABLE `disponibilidad_maestros` (
  `id` int(11) NOT NULL,
  `maestro_id` int(11) NOT NULL,
  `dia_semana` int(11) NOT NULL,
  `slot_id` int(11) NOT NULL DEFAULT 0,
  `hora_inicio` int(11) NOT NULL,
  `hora_fin` int(11) NOT NULL
) ENGINE=InnoDB DEFAULT CHARSET=utf8mb4 COLLATE=utf8mb4_general_ci;

--
-- Dumping data for table `disponibilidad_maestros`
--

INSERT INTO `disponibilidad_maestros` (`id`, `maestro_id`, `dia_semana`, `slot_id`, `hora_inicio`, `hora_fin`) VALUES
(3091, 96, 0, 0, 7, 8),
(3092, 96, 0, 1, 8, 9),
(3093, 96, 0, 2, 9, 10),
(3094, 96, 0, 3, 10, 11),
(3095, 96, 0, 4, 11, 12),
(3096, 96, 1, 0, 7, 8),
(3097, 96, 1, 1, 8, 9),
(3098, 96, 1, 2, 9, 10),
(3099, 96, 1, 3, 10, 11),
(3100, 96, 1, 4, 11, 12),
(3101, 96, 2, 0, 7, 8),
(3102, 96, 2, 1, 8, 9),
(3103, 96, 2, 2, 9, 10),
(3104, 96, 2, 3, 10, 11),
(3105, 96, 2, 4, 11, 12),
(3106, 96, 3, 0, 7, 8),
(3107, 96, 3, 1, 8, 9),
(3108, 96, 3, 2, 9, 10),
(3109, 96, 3, 3, 10, 11),
(3110, 96, 3, 4, 11, 12),
(3111, 96, 4, 0, 7, 8),
(3112, 96, 4, 1, 8, 9),
(3113, 96, 4, 2, 9, 10),
(3114, 96, 4, 3, 10, 11),
(3115, 96, 4, 4, 11, 12),
(3151, 98, 0, 0, 7, 8),
(3152, 98, 0, 1, 8, 9),
(3153, 98, 0, 2, 9, 10),
(3154, 98, 0, 3, 10, 11),
(3155, 98, 0, 7, 14, 15),
(3156, 98, 1, 0, 7, 8),
(3157, 98, 1, 1, 8, 9),
(3158, 98, 1, 2, 9, 10),
(3159, 98, 1, 3, 10, 11),
(3160, 98, 1, 7, 14, 15),
(3161, 98, 2, 0, 7, 8),
(3162, 98, 2, 1, 8, 9),
(3163, 98, 2, 2, 9, 10),
(3164, 98, 2, 3, 10, 11),
(3165, 98, 2, 7, 14, 15),
(3166, 98, 3, 0, 7, 8),
(3167, 98, 3, 1, 8, 9),
(3168, 98, 3, 2, 9, 10),
(3169, 98, 3, 3, 10, 11),
(3170, 98, 3, 7, 14, 15),
(3171, 98, 4, 0, 7, 8),
(3172, 98, 4, 1, 8, 9),
(3173, 98, 4, 2, 9, 10),
(3174, 98, 4, 3, 10, 11),
(3175, 98, 4, 7, 14, 15),
(3176, 99, 0, 0, 7, 8),
(3177, 99, 0, 1, 8, 9),
(3178, 99, 0, 2, 9, 10),
(3179, 99, 0, 3, 10, 11),
(3180, 99, 0, 4, 11, 12),
(3181, 99, 0, 5, 12, 13),
(3182, 99, 0, 6, 13, 14),
(3183, 99, 1, 0, 7, 8),
(3184, 99, 1, 1, 8, 9),
(3185, 99, 1, 2, 9, 10),
(3186, 99, 1, 3, 10, 11),
(3187, 99, 1, 4, 11, 12),
(3188, 99, 1, 5, 12, 13),
(3189, 99, 1, 6, 13, 14),
(3190, 99, 2, 0, 7, 8),
(3191, 99, 2, 1, 8, 9),
(3192, 99, 2, 2, 9, 10),
(3193, 99, 2, 3, 10, 11),
(3194, 99, 2, 4, 11, 12),
(3195, 99, 2, 5, 12, 13),
(3196, 99, 2, 6, 13, 14),
(3197, 99, 3, 0, 7, 8),
(3198, 99, 3, 1, 8, 9),
(3199, 99, 3, 2, 9, 10),
(3200, 99, 3, 3, 10, 11),
(3201, 99, 3, 4, 11, 12),
(3202, 99, 3, 5, 12, 13),
(3203, 99, 3, 6, 13, 14),
(3204, 99, 4, 0, 7, 8),
(3205, 99, 4, 1, 8, 9),
(3206, 99, 4, 2, 9, 10),
(3207, 99, 4, 3, 10, 11),
(3208, 99, 4, 4, 11, 12),
(3209, 99, 4, 5, 12, 13),
(3210, 99, 4, 6, 13, 14),
(3211, 100, 0, 5, 12, 13),
(3212, 100, 0, 6, 13, 14),
(3213, 100, 0, 7, 14, 15),
(3214, 100, 0, 8, 15, 16),
(3215, 100, 1, 5, 12, 13),
(3216, 100, 1, 6, 13, 14),
(3217, 100, 1, 7, 14, 15),
(3218, 100, 1, 8, 15, 16),
(3219, 100, 2, 5, 12, 13),
(3220, 100, 2, 6, 13, 14),
(3221, 100, 2, 7, 14, 15),
(3222, 100, 2, 8, 15, 16),
(3223, 100, 3, 5, 12, 13),
(3224, 100, 3, 6, 13, 14),
(3225, 100, 3, 7, 14, 15),
(3226, 100, 3, 8, 15, 16),
(3227, 100, 4, 5, 12, 13),
(3228, 100, 4, 6, 13, 14),
(3229, 100, 4, 7, 14, 15),
(3230, 100, 4, 8, 15, 16),
(3231, 101, 0, 7, 14, 15),
(3232, 101, 0, 8, 15, 16),
(3233, 101, 0, 9, 16, 17),
(3234, 101, 1, 7, 14, 15),
(3235, 101, 1, 8, 15, 16),
(3236, 101, 1, 9, 16, 17),
(3237, 101, 2, 7, 14, 15),
(3238, 101, 2, 8, 15, 16),
(3239, 101, 2, 9, 16, 17),
(3240, 101, 3, 7, 14, 15),
(3241, 101, 3, 8, 15, 16),
(3242, 101, 3, 9, 16, 17),
(3243, 101, 4, 7, 14, 15),
(3244, 101, 4, 8, 15, 16),
(3245, 101, 4, 9, 16, 17),
(3246, 102, 0, 6, 13, 14),
(3247, 102, 0, 7, 14, 15),
(3248, 102, 0, 8, 15, 16),
(3249, 102, 0, 9, 16, 17),
(3250, 102, 0, 10, 17, 18),
(3251, 102, 0, 11, 18, 19),
(3252, 102, 0, 12, 19, 20),
(3253, 102, 0, 13, 20, 21),
(3254, 102, 1, 6, 13, 14),
(3255, 102, 1, 7, 14, 15),
(3256, 102, 1, 8, 15, 16),
(3257, 102, 1, 9, 16, 17),
(3258, 102, 1, 10, 17, 18),
(3259, 102, 1, 11, 18, 19),
(3260, 102, 1, 12, 19, 20),
(3261, 102, 1, 13, 20, 21),
(3262, 102, 2, 6, 13, 14),
(3263, 102, 2, 7, 14, 15),
(3264, 102, 2, 8, 15, 16),
(3265, 102, 2, 9, 16, 17),
(3266, 102, 2, 10, 17, 18),
(3267, 102, 2, 11, 18, 19),
(3268, 102, 2, 12, 19, 20),
(3269, 102, 2, 13, 20, 21),
(3270, 102, 3, 6, 13, 14),
(3271, 102, 3, 7, 14, 15),
(3272, 102, 3, 8, 15, 16),
(3273, 102, 3, 9, 16, 17),
(3274, 102, 3, 10, 17, 18),
(3275, 102, 3, 11, 18, 19),
(3276, 102, 3, 12, 19, 20),
(3277, 102, 3, 13, 20, 21),
(3278, 102, 4, 6, 13, 14),
(3279, 102, 4, 7, 14, 15),
(3280, 102, 4, 8, 15, 16),
(3281, 102, 4, 9, 16, 17),
(3282, 102, 4, 10, 17, 18),
(3283, 102, 4, 11, 18, 19),
(3284, 102, 4, 12, 19, 20),
(3285, 102, 4, 13, 20, 21),
(3286, 103, 0, 0, 7, 8),
(3287, 103, 0, 1, 8, 9),
(3288, 103, 0, 2, 9, 10),
(3289, 103, 0, 3, 10, 11),
(3290, 103, 0, 7, 14, 15),
(3291, 103, 0, 8, 15, 16),
(3292, 103, 0, 9, 16, 17),
(3293, 103, 1, 0, 7, 8),
(3294, 103, 1, 1, 8, 9),
(3295, 103, 1, 2, 9, 10),
(3296, 103, 1, 3, 10, 11),
(3297, 103, 1, 7, 14, 15),
(3298, 103, 1, 8, 15, 16),
(3299, 103, 1, 9, 16, 17),
(3300, 103, 2, 0, 7, 8),
(3301, 103, 2, 1, 8, 9),
(3302, 103, 2, 2, 9, 10),
(3303, 103, 2, 3, 10, 11),
(3304, 103, 2, 7, 14, 15),
(3305, 103, 2, 8, 15, 16),
(3306, 103, 2, 9, 16, 17),
(3307, 103, 3, 0, 7, 8),
(3308, 103, 3, 1, 8, 9),
(3309, 103, 3, 2, 9, 10),
(3310, 103, 3, 3, 10, 11),
(3311, 103, 3, 7, 14, 15),
(3312, 103, 3, 8, 15, 16),
(3313, 103, 3, 9, 16, 17),
(3314, 103, 4, 0, 7, 8),
(3315, 103, 4, 1, 8, 9),
(3316, 103, 4, 2, 9, 10),
(3317, 103, 4, 3, 10, 11),
(3318, 103, 4, 7, 14, 15),
(3319, 103, 4, 8, 15, 16),
(3320, 103, 4, 9, 16, 17),
(3321, 104, 0, 7, 14, 15),
(3322, 104, 0, 8, 15, 16),
(3323, 104, 0, 9, 16, 17),
(3324, 104, 0, 10, 17, 18),
(3325, 104, 0, 11, 18, 19),
(3326, 104, 1, 7, 14, 15),
(3327, 104, 1, 8, 15, 16),
(3328, 104, 1, 9, 16, 17),
(3329, 104, 1, 10, 17, 18),
(3330, 104, 1, 11, 18, 19),
(3331, 104, 2, 7, 14, 15),
(3332, 104, 2, 8, 15, 16),
(3333, 104, 2, 9, 16, 17),
(3334, 104, 2, 10, 17, 18),
(3335, 104, 3, 7, 14, 15),
(3336, 104, 3, 8, 15, 16),
(3337, 104, 3, 9, 16, 17),
(3338, 104, 3, 10, 17, 18),
(3339, 104, 3, 11, 18, 19),
(3340, 104, 4, 7, 14, 15),
(3341, 104, 4, 8, 15, 16),
(3342, 104, 4, 9, 16, 17),
(3343, 104, 4, 10, 17, 18),
(3344, 104, 4, 11, 18, 19),
(3345, 105, 0, 8, 15, 16),
(3346, 105, 0, 9, 16, 17),
(3347, 105, 0, 10, 17, 18),
(3348, 105, 0, 11, 18, 19),
(3349, 105, 0, 12, 19, 20),
(3350, 105, 0, 13, 20, 21),
(3351, 105, 1, 8, 15, 16),
(3352, 105, 1, 9, 16, 17),
(3353, 105, 1, 10, 17, 18),
(3354, 105, 1, 11, 18, 19),
(3355, 105, 1, 12, 19, 20),
(3356, 105, 1, 13, 20, 21),
(3357, 105, 2, 8, 15, 16),
(3358, 105, 2, 9, 16, 17),
(3359, 105, 2, 10, 17, 18),
(3360, 105, 2, 11, 18, 19),
(3361, 105, 2, 12, 19, 20),
(3362, 105, 2, 13, 20, 21),
(3363, 105, 3, 8, 15, 16),
(3364, 105, 3, 9, 16, 17),
(3365, 105, 3, 10, 17, 18),
(3366, 105, 3, 11, 18, 19),
(3367, 105, 3, 12, 19, 20),
(3368, 105, 3, 13, 20, 21),
(3369, 105, 4, 8, 15, 16),
(3370, 105, 4, 9, 16, 17),
(3371, 105, 4, 10, 17, 18),
(3372, 105, 4, 11, 18, 19),
(3373, 105, 4, 12, 19, 20),
(3374, 105, 4, 13, 20, 21),
(3375, 106, 0, 9, 16, 17),
(3376, 106, 0, 10, 17, 18),
(3377, 106, 0, 11, 18, 19),
(3378, 106, 0, 12, 19, 20),
(3379, 106, 1, 9, 16, 17),
(3380, 106, 1, 10, 17, 18),
(3381, 106, 1, 11, 18, 19),
(3382, 106, 1, 12, 19, 20),
(3383, 106, 2, 9, 16, 17),
(3384, 106, 2, 10, 17, 18),
(3385, 106, 2, 11, 18, 19),
(3386, 106, 2, 12, 19, 20),
(3387, 106, 3, 9, 16, 17),
(3388, 106, 3, 10, 17, 18),
(3389, 106, 3, 11, 18, 19),
(3390, 106, 3, 12, 19, 20),
(3391, 106, 4, 9, 16, 17),
(3392, 106, 4, 10, 17, 18),
(3393, 106, 4, 11, 18, 19),
(3394, 106, 4, 12, 19, 20),
(3395, 107, 0, 10, 17, 18),
(3396, 107, 0, 11, 18, 19),
(3397, 107, 0, 12, 19, 20),
(3398, 107, 1, 10, 17, 18),
(3399, 107, 1, 11, 18, 19),
(3400, 107, 1, 12, 19, 20),
(3401, 107, 2, 10, 17, 18),
(3402, 107, 2, 11, 18, 19),
(3403, 107, 2, 12, 19, 20),
(3404, 107, 3, 10, 17, 18),
(3405, 107, 3, 11, 18, 19),
(3406, 107, 3, 12, 19, 20),
(3407, 107, 4, 10, 17, 18),
(3408, 107, 4, 11, 18, 19),
(3409, 107, 4, 12, 19, 20),
(3410, 108, 0, 4, 11, 12),
(3411, 108, 0, 5, 12, 13),
(3412, 108, 0, 6, 13, 14),
(3413, 108, 1, 4, 11, 12),
(3414, 108, 1, 5, 12, 13),
(3415, 108, 1, 6, 13, 14),
(3416, 108, 2, 4, 11, 12),
(3417, 108, 2, 5, 12, 13),
(3418, 108, 2, 6, 13, 14),
(3419, 108, 3, 4, 11, 12),
(3420, 108, 3, 5, 12, 13),
(3421, 108, 3, 6, 13, 14),
(3422, 108, 4, 4, 11, 12),
(3423, 108, 4, 5, 12, 13),
(3424, 108, 4, 6, 13, 14),
(3425, 109, 0, 4, 11, 12),
(3426, 109, 0, 5, 12, 13),
(3427, 109, 0, 6, 13, 14),
(3428, 109, 0, 7, 14, 15),
(3429, 109, 0, 8, 15, 16),
(3430, 109, 1, 4, 11, 12),
(3431, 109, 1, 5, 12, 13),
(3432, 109, 1, 6, 13, 14),
(3433, 109, 1, 7, 14, 15),
(3434, 109, 1, 8, 15, 16),
(3435, 109, 2, 4, 11, 12),
(3436, 109, 2, 5, 12, 13),
(3437, 109, 2, 6, 13, 14),
(3438, 109, 2, 7, 14, 15),
(3439, 109, 2, 8, 15, 16),
(3440, 109, 3, 4, 11, 12),
(3441, 109, 3, 5, 12, 13),
(3442, 109, 3, 6, 13, 14),
(3443, 109, 3, 7, 14, 15),
(3444, 109, 3, 8, 15, 16),
(3445, 109, 4, 4, 11, 12),
(3446, 109, 4, 5, 12, 13),
(3447, 109, 4, 6, 13, 14),
(3448, 109, 4, 7, 14, 15),
(3449, 109, 4, 8, 15, 16),
(3450, 110, 0, 10, 17, 18),
(3451, 110, 0, 11, 18, 19),
(3452, 110, 0, 12, 19, 20),
(3453, 110, 0, 13, 20, 21),
(3454, 110, 1, 10, 17, 18),
(3455, 110, 1, 11, 18, 19),
(3456, 110, 1, 12, 19, 20),
(3457, 110, 1, 13, 20, 21),
(3458, 110, 2, 10, 17, 18),
(3459, 110, 2, 11, 18, 19),
(3460, 110, 2, 12, 19, 20),
(3461, 110, 2, 13, 20, 21),
(3462, 110, 3, 10, 17, 18),
(3463, 110, 3, 11, 18, 19),
(3464, 110, 3, 12, 19, 20),
(3465, 110, 3, 13, 20, 21),
(3466, 110, 4, 10, 17, 18),
(3467, 110, 4, 11, 18, 19),
(3468, 110, 4, 12, 19, 20),
(3469, 110, 4, 13, 20, 21),
(3470, 111, 0, 0, 7, 8),
(3471, 111, 0, 1, 8, 9),
(3472, 111, 0, 11, 18, 19),
(3473, 111, 0, 12, 19, 20),
(3474, 111, 0, 13, 20, 21),
(3475, 111, 1, 0, 7, 8),
(3476, 111, 1, 1, 8, 9),
(3477, 111, 1, 11, 18, 19),
(3478, 111, 1, 12, 19, 20),
(3479, 111, 1, 13, 20, 21),
(3480, 111, 2, 0, 7, 8),
(3481, 111, 2, 1, 8, 9),
(3482, 111, 2, 11, 18, 19),
(3483, 111, 2, 12, 19, 20),
(3484, 111, 2, 13, 20, 21),
(3485, 111, 3, 0, 7, 8),
(3486, 111, 3, 1, 8, 9),
(3487, 111, 3, 11, 18, 19),
(3488, 111, 3, 12, 19, 20),
(3489, 111, 3, 13, 20, 21),
(3490, 111, 4, 0, 7, 8),
(3491, 111, 4, 1, 8, 9),
(3492, 111, 4, 11, 18, 19),
(3493, 111, 4, 12, 19, 20),
(3494, 111, 4, 13, 20, 21),
(3495, 112, 0, 0, 7, 8),
(3496, 112, 0, 1, 8, 9),
(3497, 112, 0, 2, 9, 10),
(3498, 112, 0, 3, 10, 11),
(3499, 112, 1, 0, 7, 8),
(3500, 112, 1, 1, 8, 9),
(3501, 112, 1, 2, 9, 10),
(3502, 112, 1, 3, 10, 11),
(3503, 112, 2, 0, 7, 8),
(3504, 112, 2, 1, 8, 9),
(3505, 112, 2, 2, 9, 10),
(3506, 112, 2, 3, 10, 11),
(3507, 112, 3, 0, 7, 8),
(3508, 112, 3, 1, 8, 9),
(3509, 112, 3, 2, 9, 10),
(3510, 112, 3, 3, 10, 11),
(3511, 112, 4, 0, 7, 8),
(3512, 112, 4, 1, 8, 9),
(3513, 112, 4, 2, 9, 10),
(3514, 112, 4, 3, 10, 11),
(3515, 113, 0, 9, 16, 17),
(3516, 113, 0, 10, 17, 18),
(3517, 113, 0, 11, 18, 19),
(3518, 113, 0, 12, 19, 20),
(3519, 113, 1, 9, 16, 17),
(3520, 113, 1, 10, 17, 18),
(3521, 113, 1, 11, 18, 19),
(3522, 113, 1, 12, 19, 20),
(3523, 113, 2, 9, 16, 17),
(3524, 113, 2, 10, 17, 18),
(3525, 113, 2, 11, 18, 19),
(3526, 113, 2, 12, 19, 20),
(3527, 113, 3, 9, 16, 17),
(3528, 113, 3, 10, 17, 18),
(3529, 113, 3, 11, 18, 19),
(3530, 113, 3, 12, 19, 20),
(3531, 113, 4, 9, 16, 17),
(3532, 113, 4, 10, 17, 18),
(3533, 113, 4, 11, 18, 19),
(3534, 113, 4, 12, 19, 20),
(3535, 114, 0, 0, 7, 8),
(3536, 114, 0, 1, 8, 9),
(3537, 114, 0, 2, 9, 10),
(3538, 114, 0, 3, 10, 11),
(3539, 114, 0, 7, 14, 15),
(3540, 114, 0, 8, 15, 16),
(3541, 114, 1, 0, 7, 8),
(3542, 114, 1, 1, 8, 9),
(3543, 114, 1, 2, 9, 10),
(3544, 114, 1, 3, 10, 11),
(3545, 114, 1, 7, 14, 15),
(3546, 114, 1, 8, 15, 16),
(3547, 114, 2, 0, 7, 8),
(3548, 114, 2, 1, 8, 9),
(3549, 114, 2, 2, 9, 10),
(3550, 114, 2, 3, 10, 11),
(3551, 114, 2, 7, 14, 15),
(3552, 114, 2, 8, 15, 16),
(3553, 114, 3, 0, 7, 8),
(3554, 114, 3, 1, 8, 9),
(3555, 114, 3, 2, 9, 10),
(3556, 114, 3, 3, 10, 11),
(3557, 114, 3, 7, 14, 15),
(3558, 114, 3, 8, 15, 16),
(3559, 114, 4, 0, 7, 8),
(3560, 114, 4, 1, 8, 9),
(3561, 114, 4, 2, 9, 10),
(3562, 114, 4, 3, 10, 11),
(3563, 114, 4, 7, 14, 15),
(3564, 114, 4, 8, 15, 16),
(3565, 115, 0, 0, 7, 8),
(3566, 115, 0, 1, 8, 9),
(3567, 115, 0, 2, 9, 10),
(3568, 115, 0, 3, 10, 11),
(3569, 115, 0, 5, 12, 13),
(3570, 115, 0, 6, 13, 14),
(3571, 115, 1, 0, 7, 8),
(3572, 115, 1, 1, 8, 9),
(3573, 115, 1, 2, 9, 10),
(3574, 115, 1, 3, 10, 11),
(3575, 115, 1, 5, 12, 13),
(3576, 115, 1, 6, 13, 14),
(3577, 115, 2, 0, 7, 8),
(3578, 115, 2, 1, 8, 9),
(3579, 115, 2, 2, 9, 10),
(3580, 115, 2, 3, 10, 11),
(3581, 115, 2, 5, 12, 13),
(3582, 115, 2, 6, 13, 14),
(3583, 115, 3, 0, 7, 8),
(3584, 115, 3, 1, 8, 9),
(3585, 115, 3, 2, 9, 10),
(3586, 115, 3, 3, 10, 11),
(3587, 115, 3, 5, 12, 13),
(3588, 115, 3, 6, 13, 14),
(3589, 115, 4, 0, 7, 8),
(3590, 115, 4, 1, 8, 9),
(3591, 115, 4, 2, 9, 10),
(3592, 115, 4, 3, 10, 11),
(3593, 115, 4, 5, 12, 13),
(3594, 115, 4, 6, 13, 14),
(3595, 116, 0, 8, 15, 16),
(3596, 116, 0, 9, 16, 17),
(3597, 116, 0, 10, 17, 18),
(3598, 116, 0, 11, 18, 19),
(3599, 116, 1, 8, 15, 16),
(3600, 116, 1, 9, 16, 17),
(3601, 116, 1, 10, 17, 18),
(3602, 116, 1, 11, 18, 19),
(3603, 116, 2, 8, 15, 16),
(3604, 116, 2, 9, 16, 17),
(3605, 116, 2, 10, 17, 18),
(3606, 116, 2, 11, 18, 19),
(3607, 116, 3, 8, 15, 16),
(3608, 116, 3, 9, 16, 17),
(3609, 116, 3, 10, 17, 18),
(3610, 116, 3, 11, 18, 19),
(3611, 116, 4, 8, 15, 16),
(3612, 116, 4, 9, 16, 17),
(3613, 116, 4, 10, 17, 18),
(3614, 116, 4, 11, 18, 19),
(3615, 117, 0, 0, 7, 8),
(3616, 117, 0, 1, 8, 9),
(3617, 117, 0, 2, 9, 10),
(3618, 117, 0, 3, 10, 11),
(3619, 117, 0, 4, 11, 12),
(3620, 117, 0, 5, 12, 13),
(3621, 117, 1, 0, 7, 8),
(3622, 117, 1, 1, 8, 9),
(3623, 117, 1, 2, 9, 10),
(3624, 117, 1, 3, 10, 11),
(3625, 117, 1, 4, 11, 12),
(3626, 117, 1, 5, 12, 13),
(3627, 117, 2, 0, 7, 8),
(3628, 117, 2, 1, 8, 9),
(3629, 117, 2, 2, 9, 10),
(3630, 117, 2, 3, 10, 11),
(3631, 117, 2, 4, 11, 12),
(3632, 117, 2, 5, 12, 13),
(3633, 117, 3, 0, 7, 8),
(3634, 117, 3, 1, 8, 9),
(3635, 117, 3, 2, 9, 10),
(3636, 117, 3, 3, 10, 11),
(3637, 117, 3, 4, 11, 12),
(3638, 117, 3, 5, 12, 13),
(3639, 117, 4, 0, 7, 8),
(3640, 117, 4, 1, 8, 9),
(3641, 117, 4, 2, 9, 10),
(3642, 117, 4, 3, 10, 11),
(3643, 117, 4, 4, 11, 12),
(3644, 117, 4, 5, 12, 13),
(3645, 118, 0, 0, 7, 8),
(3646, 118, 0, 1, 8, 9),
(3647, 118, 0, 2, 9, 10),
(3648, 118, 0, 3, 10, 11),
(3649, 118, 0, 4, 11, 12),
(3650, 118, 0, 5, 12, 13),
(3651, 118, 0, 6, 13, 14),
(3652, 118, 1, 0, 7, 8),
(3653, 118, 1, 1, 8, 9),
(3654, 118, 1, 2, 9, 10),
(3655, 118, 1, 3, 10, 11),
(3656, 118, 1, 4, 11, 12),
(3657, 118, 1, 5, 12, 13),
(3658, 118, 1, 6, 13, 14),
(3659, 118, 2, 0, 7, 8),
(3660, 118, 2, 1, 8, 9),
(3661, 118, 2, 2, 9, 10),
(3662, 118, 2, 3, 10, 11),
(3663, 118, 2, 4, 11, 12),
(3664, 118, 2, 5, 12, 13),
(3665, 118, 2, 6, 13, 14),
(3666, 118, 3, 0, 7, 8),
(3667, 118, 3, 1, 8, 9),
(3668, 118, 3, 2, 9, 10),
(3669, 118, 3, 3, 10, 11),
(3670, 118, 3, 4, 11, 12),
(3671, 118, 3, 5, 12, 13),
(3672, 118, 3, 6, 13, 14),
(3673, 118, 4, 0, 7, 8),
(3674, 118, 4, 1, 8, 9),
(3675, 118, 4, 2, 9, 10),
(3676, 118, 4, 3, 10, 11),
(3677, 118, 4, 4, 11, 12),
(3678, 118, 4, 5, 12, 13),
(3679, 118, 4, 6, 13, 14),
(3680, 119, 0, 0, 7, 8),
(3681, 119, 0, 1, 8, 9),
(3682, 119, 0, 2, 9, 10),
(3683, 119, 0, 3, 10, 11),
(3684, 119, 0, 7, 14, 15),
(3685, 119, 0, 8, 15, 16),
(3686, 119, 0, 9, 16, 17),
(3687, 119, 1, 0, 7, 8),
(3688, 119, 1, 1, 8, 9),
(3689, 119, 1, 2, 9, 10),
(3690, 119, 1, 3, 10, 11),
(3691, 119, 1, 7, 14, 15),
(3692, 119, 1, 8, 15, 16),
(3693, 119, 1, 9, 16, 17),
(3694, 119, 2, 0, 7, 8),
(3695, 119, 2, 1, 8, 9),
(3696, 119, 2, 2, 9, 10),
(3697, 119, 2, 3, 10, 11),
(3698, 119, 2, 7, 14, 15),
(3699, 119, 2, 8, 15, 16),
(3700, 119, 2, 9, 16, 17),
(3701, 119, 3, 0, 7, 8),
(3702, 119, 3, 1, 8, 9),
(3703, 119, 3, 2, 9, 10),
(3704, 119, 3, 3, 10, 11),
(3705, 119, 3, 7, 14, 15),
(3706, 119, 3, 8, 15, 16),
(3707, 119, 3, 9, 16, 17),
(3708, 119, 4, 0, 7, 8),
(3709, 119, 4, 1, 8, 9),
(3710, 119, 4, 2, 9, 10),
(3711, 119, 4, 3, 10, 11),
(3712, 119, 4, 7, 14, 15),
(3713, 119, 4, 8, 15, 16),
(3714, 119, 4, 9, 16, 17),
(3715, 120, 0, 0, 7, 8),
(3716, 120, 0, 1, 8, 9),
(3717, 120, 0, 2, 9, 10),
(3718, 120, 0, 3, 10, 11),
(3719, 120, 1, 0, 7, 8),
(3720, 120, 1, 1, 8, 9),
(3721, 120, 1, 2, 9, 10),
(3722, 120, 1, 3, 10, 11),
(3723, 120, 2, 0, 7, 8),
(3724, 120, 2, 1, 8, 9),
(3725, 120, 2, 2, 9, 10),
(3726, 120, 2, 3, 10, 11),
(3727, 120, 3, 0, 7, 8),
(3728, 120, 3, 1, 8, 9),
(3729, 120, 3, 2, 9, 10),
(3730, 120, 3, 3, 10, 11),
(3731, 120, 4, 0, 7, 8),
(3732, 120, 4, 1, 8, 9),
(3733, 120, 4, 2, 9, 10),
(3734, 120, 4, 3, 10, 11),
(3735, 121, 0, 0, 7, 8),
(3736, 121, 0, 1, 8, 9),
(3737, 121, 0, 2, 9, 10),
(3738, 121, 0, 3, 10, 11),
(3739, 121, 0, 4, 11, 12),
(3740, 121, 0, 5, 12, 13),
(3741, 121, 0, 6, 13, 14),
(3742, 121, 1, 0, 7, 8),
(3743, 121, 1, 1, 8, 9),
(3744, 121, 1, 2, 9, 10),
(3745, 121, 1, 3, 10, 11),
(3746, 121, 1, 4, 11, 12),
(3747, 121, 1, 5, 12, 13),
(3748, 121, 1, 6, 13, 14),
(3749, 121, 2, 0, 7, 8),
(3750, 121, 2, 1, 8, 9),
(3751, 121, 2, 2, 9, 10),
(3752, 121, 2, 3, 10, 11),
(3753, 121, 2, 4, 11, 12),
(3754, 121, 2, 5, 12, 13),
(3755, 121, 2, 6, 13, 14),
(3756, 121, 3, 0, 7, 8),
(3757, 121, 3, 1, 8, 9),
(3758, 121, 3, 2, 9, 10),
(3759, 121, 3, 3, 10, 11),
(3760, 121, 3, 4, 11, 12),
(3761, 121, 3, 5, 12, 13),
(3762, 121, 3, 6, 13, 14),
(3763, 121, 4, 0, 7, 8),
(3764, 121, 4, 1, 8, 9),
(3765, 121, 4, 2, 9, 10),
(3766, 121, 4, 3, 10, 11),
(3767, 121, 4, 4, 11, 12),
(3768, 121, 4, 5, 12, 13),
(3769, 121, 4, 6, 13, 14),
(3770, 122, 0, 0, 7, 8),
(3771, 122, 0, 1, 8, 9),
(3772, 122, 0, 2, 9, 10),
(3773, 122, 0, 3, 10, 11),
(3774, 122, 0, 4, 11, 12),
(3775, 122, 0, 5, 12, 13),
(3776, 122, 0, 6, 13, 14),
(3777, 122, 0, 7, 14, 15),
(3778, 122, 1, 0, 7, 8),
(3779, 122, 1, 1, 8, 9),
(3780, 122, 1, 2, 9, 10),
(3781, 122, 1, 3, 10, 11),
(3782, 122, 1, 4, 11, 12),
(3783, 122, 1, 5, 12, 13),
(3784, 122, 1, 6, 13, 14),
(3785, 122, 1, 7, 14, 15),
(3786, 122, 2, 0, 7, 8),
(3787, 122, 2, 1, 8, 9),
(3788, 122, 2, 2, 9, 10),
(3789, 122, 2, 3, 10, 11),
(3790, 122, 2, 4, 11, 12),
(3791, 122, 2, 5, 12, 13),
(3792, 122, 2, 6, 13, 14),
(3793, 122, 2, 7, 14, 15),
(3794, 122, 3, 0, 7, 8),
(3795, 122, 3, 1, 8, 9),
(3796, 122, 3, 2, 9, 10),
(3797, 122, 3, 3, 10, 11),
(3798, 122, 3, 4, 11, 12),
(3799, 122, 3, 5, 12, 13),
(3800, 122, 3, 6, 13, 14),
(3801, 122, 3, 7, 14, 15),
(3802, 122, 4, 0, 7, 8),
(3803, 122, 4, 1, 8, 9),
(3804, 122, 4, 2, 9, 10),
(3805, 122, 4, 3, 10, 11),
(3806, 122, 4, 4, 11, 12),
(3807, 122, 4, 5, 12, 13),
(3808, 122, 4, 6, 13, 14),
(3809, 122, 4, 7, 14, 15),
(3810, 123, 0, 0, 7, 8),
(3811, 123, 0, 1, 8, 9),
(3812, 123, 0, 2, 9, 10),
(3813, 123, 0, 3, 10, 11),
(3814, 123, 0, 4, 11, 12),
(3815, 123, 0, 5, 12, 13),
(3816, 123, 0, 6, 13, 14),
(3817, 123, 1, 0, 7, 8),
(3818, 123, 1, 1, 8, 9),
(3819, 123, 1, 2, 9, 10),
(3820, 123, 1, 3, 10, 11),
(3821, 123, 1, 4, 11, 12),
(3822, 123, 1, 5, 12, 13),
(3823, 123, 1, 6, 13, 14),
(3824, 123, 2, 0, 7, 8),
(3825, 123, 2, 1, 8, 9),
(3826, 123, 2, 2, 9, 10),
(3827, 123, 2, 3, 10, 11),
(3828, 123, 2, 4, 11, 12),
(3829, 123, 2, 5, 12, 13),
(3830, 123, 2, 6, 13, 14),
(3831, 123, 3, 0, 7, 8),
(3832, 123, 3, 1, 8, 9),
(3833, 123, 3, 2, 9, 10),
(3834, 123, 3, 3, 10, 11),
(3835, 123, 3, 4, 11, 12),
(3836, 123, 3, 5, 12, 13),
(3837, 123, 3, 6, 13, 14),
(3838, 123, 4, 0, 7, 8),
(3839, 123, 4, 1, 8, 9),
(3840, 123, 4, 2, 9, 10),
(3841, 123, 4, 3, 10, 11),
(3842, 123, 4, 4, 11, 12),
(3843, 123, 4, 5, 12, 13),
(3844, 123, 4, 6, 13, 14),
(3845, 124, 0, 0, 7, 8),
(3846, 124, 0, 1, 8, 9),
(3847, 124, 0, 2, 9, 10),
(3848, 124, 0, 3, 10, 11),
(3849, 124, 0, 4, 11, 12),
(3850, 124, 0, 5, 12, 13),
(3851, 124, 0, 6, 13, 14),
(3852, 124, 1, 0, 7, 8),
(3853, 124, 1, 1, 8, 9),
(3854, 124, 1, 2, 9, 10),
(3855, 124, 1, 3, 10, 11),
(3856, 124, 1, 4, 11, 12),
(3857, 124, 1, 5, 12, 13),
(3858, 124, 1, 6, 13, 14),
(3859, 124, 2, 0, 7, 8),
(3860, 124, 2, 1, 8, 9),
(3861, 124, 2, 2, 9, 10),
(3862, 124, 2, 3, 10, 11),
(3863, 124, 2, 4, 11, 12),
(3864, 124, 2, 5, 12, 13),
(3865, 124, 2, 6, 13, 14),
(3866, 124, 3, 0, 7, 8),
(3867, 124, 3, 1, 8, 9),
(3868, 124, 3, 2, 9, 10),
(3869, 124, 3, 3, 10, 11),
(3870, 124, 3, 4, 11, 12),
(3871, 124, 3, 5, 12, 13),
(3872, 124, 3, 6, 13, 14),
(3873, 124, 4, 0, 7, 8),
(3874, 124, 4, 1, 8, 9),
(3875, 124, 4, 2, 9, 10),
(3876, 124, 4, 3, 10, 11),
(3877, 124, 4, 4, 11, 12),
(3878, 124, 4, 5, 12, 13),
(3879, 124, 4, 6, 13, 14),
(3880, 125, 0, 0, 7, 8),
(3881, 125, 0, 1, 8, 9),
(3882, 125, 0, 2, 9, 10),
(3883, 125, 0, 3, 10, 11),
(3884, 125, 0, 4, 11, 12),
(3885, 125, 0, 5, 12, 13),
(3886, 125, 0, 6, 13, 14),
(3887, 125, 0, 7, 14, 15),
(3888, 125, 0, 11, 18, 19),
(3889, 125, 1, 0, 7, 8),
(3890, 125, 1, 1, 8, 9),
(3891, 125, 1, 2, 9, 10),
(3892, 125, 1, 3, 10, 11),
(3893, 125, 1, 4, 11, 12),
(3894, 125, 1, 5, 12, 13),
(3895, 125, 1, 6, 13, 14),
(3896, 125, 1, 7, 14, 15),
(3897, 125, 1, 11, 18, 19),
(3898, 125, 2, 0, 7, 8),
(3899, 125, 2, 1, 8, 9),
(3900, 125, 2, 2, 9, 10),
(3901, 125, 2, 3, 10, 11),
(3902, 125, 2, 4, 11, 12),
(3903, 125, 2, 5, 12, 13),
(3904, 125, 2, 6, 13, 14),
(3905, 125, 2, 7, 14, 15),
(3906, 125, 2, 11, 18, 19),
(3907, 125, 3, 0, 7, 8),
(3908, 125, 3, 1, 8, 9),
(3909, 125, 3, 2, 9, 10),
(3910, 125, 3, 3, 10, 11),
(3911, 125, 3, 4, 11, 12),
(3912, 125, 3, 5, 12, 13),
(3913, 125, 3, 6, 13, 14),
(3914, 125, 3, 7, 14, 15),
(3915, 125, 3, 11, 18, 19),
(3916, 125, 4, 0, 7, 8),
(3917, 125, 4, 1, 8, 9),
(3918, 125, 4, 2, 9, 10),
(3919, 125, 4, 3, 10, 11),
(3920, 125, 4, 4, 11, 12),
(3921, 125, 4, 5, 12, 13),
(3922, 125, 4, 6, 13, 14),
(3923, 125, 4, 7, 14, 15),
(3924, 125, 4, 11, 18, 19),
(3925, 126, 0, 0, 7, 8),
(3926, 126, 0, 1, 8, 9),
(3927, 126, 0, 2, 9, 10),
(3928, 126, 0, 3, 10, 11),
(3929, 126, 0, 4, 11, 12),
(3930, 126, 0, 5, 12, 13),
(3931, 126, 0, 6, 13, 14),
(3932, 126, 1, 0, 7, 8),
(3933, 126, 1, 1, 8, 9),
(3934, 126, 1, 2, 9, 10),
(3935, 126, 1, 3, 10, 11),
(3936, 126, 1, 4, 11, 12),
(3937, 126, 1, 5, 12, 13),
(3938, 126, 1, 6, 13, 14),
(3939, 126, 2, 0, 7, 8),
(3940, 126, 2, 1, 8, 9),
(3941, 126, 2, 2, 9, 10),
(3942, 126, 2, 3, 10, 11),
(3943, 126, 2, 4, 11, 12),
(3944, 126, 2, 5, 12, 13),
(3945, 126, 2, 6, 13, 14),
(3946, 126, 3, 0, 7, 8),
(3947, 126, 3, 1, 8, 9),
(3948, 126, 3, 2, 9, 10),
(3949, 126, 3, 3, 10, 11),
(3950, 126, 3, 4, 11, 12),
(3951, 126, 3, 5, 12, 13),
(3952, 126, 3, 6, 13, 14),
(3953, 126, 4, 0, 7, 8),
(3954, 126, 4, 1, 8, 9),
(3955, 126, 4, 2, 9, 10),
(3956, 126, 4, 3, 10, 11),
(3957, 126, 4, 4, 11, 12),
(3958, 126, 4, 5, 12, 13),
(3959, 126, 4, 6, 13, 14),
(3960, 127, 0, 0, 7, 8),
(3961, 127, 0, 1, 8, 9),
(3962, 127, 0, 2, 9, 10),
(3963, 127, 0, 3, 10, 11),
(3964, 127, 0, 4, 11, 12),
(3965, 127, 0, 5, 12, 13),
(3966, 127, 0, 6, 13, 14),
(3967, 127, 1, 0, 7, 8),
(3968, 127, 1, 1, 8, 9),
(3969, 127, 1, 2, 9, 10),
(3970, 127, 1, 3, 10, 11),
(3971, 127, 1, 4, 11, 12),
(3972, 127, 1, 5, 12, 13),
(3973, 127, 1, 6, 13, 14),
(3974, 127, 2, 0, 7, 8),
(3975, 127, 2, 1, 8, 9),
(3976, 127, 2, 2, 9, 10),
(3977, 127, 2, 3, 10, 11),
(3978, 127, 2, 4, 11, 12),
(3979, 127, 2, 5, 12, 13),
(3980, 127, 2, 6, 13, 14),
(3981, 127, 3, 0, 7, 8),
(3982, 127, 3, 1, 8, 9),
(3983, 127, 3, 2, 9, 10),
(3984, 127, 3, 3, 10, 11),
(3985, 127, 3, 4, 11, 12),
(3986, 127, 3, 5, 12, 13),
(3987, 127, 3, 6, 13, 14),
(3988, 127, 4, 0, 7, 8),
(3989, 127, 4, 1, 8, 9),
(3990, 127, 4, 2, 9, 10),
(3991, 127, 4, 3, 10, 11),
(3992, 127, 4, 4, 11, 12),
(3993, 127, 4, 5, 12, 13),
(3994, 127, 4, 6, 13, 14),
(3995, 128, 0, 0, 7, 8),
(3996, 128, 0, 1, 8, 9),
(3997, 128, 0, 2, 9, 10),
(3998, 128, 0, 3, 10, 11),
(3999, 128, 0, 4, 11, 12),
(4000, 128, 0, 5, 12, 13),
(4001, 128, 0, 6, 13, 14),
(4002, 128, 1, 0, 7, 8),
(4003, 128, 1, 1, 8, 9),
(4004, 128, 1, 2, 9, 10),
(4005, 128, 1, 3, 10, 11),
(4006, 128, 1, 4, 11, 12),
(4007, 128, 1, 5, 12, 13),
(4008, 128, 1, 6, 13, 14),
(4009, 128, 2, 0, 7, 8),
(4010, 128, 2, 1, 8, 9),
(4011, 128, 2, 2, 9, 10),
(4012, 128, 2, 3, 10, 11),
(4013, 128, 2, 4, 11, 12),
(4014, 128, 2, 5, 12, 13),
(4015, 128, 2, 6, 13, 14),
(4016, 128, 3, 0, 7, 8),
(4017, 128, 3, 1, 8, 9),
(4018, 128, 3, 2, 9, 10),
(4019, 128, 3, 3, 10, 11),
(4020, 128, 3, 4, 11, 12),
(4021, 128, 3, 5, 12, 13),
(4022, 128, 3, 6, 13, 14),
(4023, 128, 4, 0, 7, 8),
(4024, 128, 4, 1, 8, 9),
(4025, 128, 4, 2, 9, 10),
(4026, 128, 4, 3, 10, 11),
(4027, 128, 4, 4, 11, 12),
(4028, 128, 4, 5, 12, 13),
(4029, 128, 4, 6, 13, 14),
(4030, 129, 0, 0, 7, 8),
(4031, 129, 0, 1, 8, 9),
(4032, 129, 0, 2, 9, 10),
(4033, 129, 0, 3, 10, 11),
(4034, 129, 0, 4, 11, 12),
(4035, 129, 0, 5, 12, 13),
(4036, 129, 0, 6, 13, 14),
(4037, 129, 1, 0, 7, 8),
(4038, 129, 1, 1, 8, 9),
(4039, 129, 1, 2, 9, 10),
(4040, 129, 1, 3, 10, 11),
(4041, 129, 1, 4, 11, 12),
(4042, 129, 1, 5, 12, 13),
(4043, 129, 1, 6, 13, 14),
(4044, 129, 2, 0, 7, 8),
(4045, 129, 2, 1, 8, 9),
(4046, 129, 2, 2, 9, 10),
(4047, 129, 2, 3, 10, 11),
(4048, 129, 2, 4, 11, 12),
(4049, 129, 2, 5, 12, 13),
(4050, 129, 2, 6, 13, 14),
(4051, 129, 3, 0, 7, 8),
(4052, 129, 3, 1, 8, 9),
(4053, 129, 3, 2, 9, 10),
(4054, 129, 3, 3, 10, 11),
(4055, 129, 3, 4, 11, 12),
(4056, 129, 3, 5, 12, 13),
(4057, 129, 3, 6, 13, 14),
(4058, 129, 4, 0, 7, 8),
(4059, 129, 4, 1, 8, 9),
(4060, 129, 4, 2, 9, 10),
(4061, 129, 4, 3, 10, 11),
(4062, 129, 4, 4, 11, 12),
(4063, 129, 4, 5, 12, 13),
(4064, 129, 4, 6, 13, 14),
(4065, 130, 0, 0, 7, 8),
(4066, 130, 0, 1, 8, 9),
(4067, 130, 0, 2, 9, 10),
(4068, 130, 0, 3, 10, 11),
(4069, 130, 0, 4, 11, 12),
(4070, 130, 0, 5, 12, 13),
(4071, 130, 0, 6, 13, 14),
(4072, 130, 1, 0, 7, 8),
(4073, 130, 1, 1, 8, 9),
(4074, 130, 1, 2, 9, 10),
(4075, 130, 1, 3, 10, 11),
(4076, 130, 1, 4, 11, 12),
(4077, 130, 1, 5, 12, 13),
(4078, 130, 1, 6, 13, 14),
(4079, 130, 2, 0, 7, 8),
(4080, 130, 2, 1, 8, 9),
(4081, 130, 2, 2, 9, 10),
(4082, 130, 2, 3, 10, 11),
(4083, 130, 2, 4, 11, 12),
(4084, 130, 2, 5, 12, 13),
(4085, 130, 2, 6, 13, 14),
(4086, 130, 3, 0, 7, 8),
(4087, 130, 3, 1, 8, 9),
(4088, 130, 3, 2, 9, 10),
(4089, 130, 3, 3, 10, 11),
(4090, 130, 3, 4, 11, 12),
(4091, 130, 3, 5, 12, 13),
(4092, 130, 3, 6, 13, 14),
(4093, 130, 4, 0, 7, 8),
(4094, 130, 4, 1, 8, 9),
(4095, 130, 4, 2, 9, 10),
(4096, 130, 4, 3, 10, 11),
(4097, 130, 4, 4, 11, 12),
(4098, 130, 4, 5, 12, 13),
(4099, 130, 4, 6, 13, 14),
(4100, 131, 0, 0, 7, 8),
(4101, 131, 0, 1, 8, 9),
(4102, 131, 0, 2, 9, 10),
(4103, 131, 0, 3, 10, 11),
(4104, 131, 0, 4, 11, 12),
(4105, 131, 0, 5, 12, 13),
(4106, 131, 0, 6, 13, 14),
(4107, 131, 1, 0, 7, 8),
(4108, 131, 1, 1, 8, 9),
(4109, 131, 1, 2, 9, 10),
(4110, 131, 1, 3, 10, 11),
(4111, 131, 1, 4, 11, 12),
(4112, 131, 1, 5, 12, 13),
(4113, 131, 1, 6, 13, 14),
(4114, 131, 2, 0, 7, 8),
(4115, 131, 2, 1, 8, 9),
(4116, 131, 2, 2, 9, 10),
(4117, 131, 2, 3, 10, 11),
(4118, 131, 2, 4, 11, 12),
(4119, 131, 2, 5, 12, 13),
(4120, 131, 2, 6, 13, 14),
(4121, 131, 3, 0, 7, 8),
(4122, 131, 3, 1, 8, 9),
(4123, 131, 3, 2, 9, 10),
(4124, 131, 3, 3, 10, 11),
(4125, 131, 3, 4, 11, 12),
(4126, 131, 3, 5, 12, 13),
(4127, 131, 3, 6, 13, 14),
(4128, 131, 4, 0, 7, 8),
(4129, 131, 4, 1, 8, 9),
(4130, 131, 4, 2, 9, 10),
(4131, 131, 4, 3, 10, 11),
(4132, 131, 4, 4, 11, 12),
(4133, 131, 4, 5, 12, 13),
(4134, 131, 4, 6, 13, 14),
(4135, 132, 0, 0, 7, 8),
(4136, 132, 0, 1, 8, 9),
(4137, 132, 0, 2, 9, 10),
(4138, 132, 0, 3, 10, 11),
(4139, 132, 0, 4, 11, 12),
(4140, 132, 0, 5, 12, 13),
(4141, 132, 0, 6, 13, 14),
(4142, 132, 1, 0, 7, 8),
(4143, 132, 1, 1, 8, 9),
(4144, 132, 1, 2, 9, 10),
(4145, 132, 1, 3, 10, 11),
(4146, 132, 1, 4, 11, 12),
(4147, 132, 1, 5, 12, 13),
(4148, 132, 1, 6, 13, 14),
(4149, 132, 2, 0, 7, 8),
(4150, 132, 2, 1, 8, 9),
(4151, 132, 2, 2, 9, 10),
(4152, 132, 2, 3, 10, 11),
(4153, 132, 2, 4, 11, 12),
(4154, 132, 2, 5, 12, 13),
(4155, 132, 2, 6, 13, 14),
(4156, 132, 3, 0, 7, 8),
(4157, 132, 3, 1, 8, 9),
(4158, 132, 3, 2, 9, 10),
(4159, 132, 3, 3, 10, 11),
(4160, 132, 3, 4, 11, 12),
(4161, 132, 3, 5, 12, 13),
(4162, 132, 3, 6, 13, 14),
(4163, 132, 4, 0, 7, 8),
(4164, 132, 4, 1, 8, 9),
(4165, 132, 4, 2, 9, 10),
(4166, 132, 4, 3, 10, 11),
(4167, 132, 4, 4, 11, 12),
(4168, 132, 4, 5, 12, 13),
(4169, 132, 4, 6, 13, 14),
(4170, 133, 0, 0, 7, 8),
(4171, 133, 0, 1, 8, 9),
(4172, 133, 0, 2, 9, 10),
(4173, 133, 0, 3, 10, 11),
(4174, 133, 0, 4, 11, 12),
(4175, 133, 0, 5, 12, 13),
(4176, 133, 0, 6, 13, 14),
(4177, 133, 1, 0, 7, 8),
(4178, 133, 1, 1, 8, 9),
(4179, 133, 1, 2, 9, 10),
(4180, 133, 1, 3, 10, 11),
(4181, 133, 1, 4, 11, 12),
(4182, 133, 1, 5, 12, 13),
(4183, 133, 1, 6, 13, 14),
(4184, 133, 2, 0, 7, 8),
(4185, 133, 2, 1, 8, 9),
(4186, 133, 2, 2, 9, 10),
(4187, 133, 2, 3, 10, 11),
(4188, 133, 2, 4, 11, 12),
(4189, 133, 2, 5, 12, 13),
(4190, 133, 2, 6, 13, 14),
(4191, 133, 3, 0, 7, 8),
(4192, 133, 3, 1, 8, 9),
(4193, 133, 3, 2, 9, 10),
(4194, 133, 3, 3, 10, 11),
(4195, 133, 3, 4, 11, 12),
(4196, 133, 3, 5, 12, 13),
(4197, 133, 3, 6, 13, 14),
(4198, 133, 4, 0, 7, 8),
(4199, 133, 4, 1, 8, 9),
(4200, 133, 4, 2, 9, 10),
(4201, 133, 4, 3, 10, 11),
(4202, 133, 4, 4, 11, 12),
(4203, 133, 4, 5, 12, 13),
(4204, 133, 4, 6, 13, 14),
(4205, 134, 0, 0, 7, 8),
(4206, 134, 0, 1, 8, 9),
(4207, 134, 0, 2, 9, 10),
(4208, 134, 0, 3, 10, 11),
(4209, 134, 0, 4, 11, 12),
(4210, 134, 0, 5, 12, 13),
(4211, 134, 0, 6, 13, 14),
(4212, 134, 1, 0, 7, 8),
(4213, 134, 1, 1, 8, 9),
(4214, 134, 1, 2, 9, 10),
(4215, 134, 1, 3, 10, 11),
(4216, 134, 1, 4, 11, 12),
(4217, 134, 1, 5, 12, 13),
(4218, 134, 1, 6, 13, 14),
(4219, 134, 2, 0, 7, 8),
(4220, 134, 2, 1, 8, 9),
(4221, 134, 2, 2, 9, 10),
(4222, 134, 2, 3, 10, 11),
(4223, 134, 2, 4, 11, 12),
(4224, 134, 2, 5, 12, 13),
(4225, 134, 2, 6, 13, 14),
(4226, 134, 3, 0, 7, 8),
(4227, 134, 3, 1, 8, 9),
(4228, 134, 3, 2, 9, 10),
(4229, 134, 3, 3, 10, 11),
(4230, 134, 3, 4, 11, 12),
(4231, 134, 3, 5, 12, 13),
(4232, 134, 3, 6, 13, 14),
(4233, 134, 4, 0, 7, 8),
(4234, 134, 4, 1, 8, 9),
(4235, 134, 4, 2, 9, 10),
(4236, 134, 4, 3, 10, 11),
(4237, 134, 4, 4, 11, 12),
(4238, 134, 4, 5, 12, 13),
(4239, 134, 4, 6, 13, 14),
(4240, 135, 0, 0, 7, 8),
(4241, 135, 0, 1, 8, 9),
(4242, 135, 0, 2, 9, 10),
(4243, 135, 0, 3, 10, 11),
(4244, 135, 0, 4, 11, 12),
(4245, 135, 0, 5, 12, 13),
(4246, 135, 0, 6, 13, 14),
(4247, 135, 1, 0, 7, 8),
(4248, 135, 1, 1, 8, 9),
(4249, 135, 1, 2, 9, 10),
(4250, 135, 1, 3, 10, 11),
(4251, 135, 1, 4, 11, 12),
(4252, 135, 1, 5, 12, 13),
(4253, 135, 1, 6, 13, 14),
(4254, 135, 2, 0, 7, 8),
(4255, 135, 2, 1, 8, 9),
(4256, 135, 2, 2, 9, 10),
(4257, 135, 2, 3, 10, 11),
(4258, 135, 2, 4, 11, 12),
(4259, 135, 2, 5, 12, 13),
(4260, 135, 2, 6, 13, 14),
(4261, 135, 3, 0, 7, 8),
(4262, 135, 3, 1, 8, 9),
(4263, 135, 3, 2, 9, 10),
(4264, 135, 3, 3, 10, 11),
(4265, 135, 3, 4, 11, 12),
(4266, 135, 3, 5, 12, 13),
(4267, 135, 3, 6, 13, 14),
(4268, 135, 4, 0, 7, 8),
(4269, 135, 4, 1, 8, 9),
(4270, 135, 4, 2, 9, 10),
(4271, 135, 4, 3, 10, 11),
(4272, 135, 4, 4, 11, 12),
(4273, 135, 4, 5, 12, 13),
(4274, 135, 4, 6, 13, 14),
(4275, 97, 0, 0, 7, 8),
(4276, 97, 1, 0, 7, 8),
(4277, 97, 2, 0, 7, 8),
(4278, 97, 3, 0, 7, 8),
(4279, 97, 4, 0, 7, 8);

-- --------------------------------------------------------

--
-- Table structure for table `grupos`
--

CREATE TABLE `grupos` (
  `id` int(11) NOT NULL,
  `nombre` varchar(50) NOT NULL,
  `semestre` int(11) NOT NULL,
  `creado_en` timestamp NOT NULL DEFAULT current_timestamp()
) ENGINE=InnoDB DEFAULT CHARSET=utf8mb4 COLLATE=utf8mb4_general_ci;

--
-- Dumping data for table `grupos`
--

INSERT INTO `grupos` (`id`, `nombre`, `semestre`, `creado_en`) VALUES
(74, 'ITIID 1-1', 1, '2025-12-05 19:45:59'),
(75, 'ITIID 1-2', 1, '2025-12-05 19:45:59'),
(76, 'ITIID 2-1', 2, '2025-12-05 19:45:59'),
(77, 'ITIID 2-2', 2, '2025-12-05 19:45:59'),
(78, 'ITIID 3-1', 3, '2025-12-05 19:46:00'),
(79, 'ITIID 3-2', 3, '2025-12-05 19:46:00'),
(80, 'ITIID 4-1', 4, '2025-12-05 19:46:00'),
(81, 'ITIID 4-2', 4, '2025-12-05 19:46:00'),
(82, 'ITIID 5-1', 5, '2025-12-05 19:46:00'),
(83, 'ITIID 5-2', 5, '2025-12-05 19:46:00'),
(84, 'ITIID 7-1', 7, '2025-12-05 19:46:01'),
(85, 'ITIID 7-2', 7, '2025-12-05 19:46:01'),
(86, 'ITIID 8-1', 8, '2025-12-05 19:46:01'),
(87, 'ITIID 8-2', 8, '2025-12-05 19:46:01'),
(88, 'ITIID 9-1', 9, '2025-12-05 19:46:01'),
(89, 'ITIID 9-2', 9, '2025-12-05 19:46:01');

-- --------------------------------------------------------

--
-- Table structure for table `horarios_generados`
--

CREATE TABLE `horarios_generados` (
  `id` int(11) NOT NULL,
  `fecha_generacion` timestamp NOT NULL DEFAULT current_timestamp(),
  `estado` enum('generado','activo','archivado') DEFAULT 'generado',
  `turno` varchar(20) DEFAULT 'matutino'
) ENGINE=InnoDB DEFAULT CHARSET=utf8mb4 COLLATE=utf8mb4_general_ci;

--
-- Dumping data for table `horarios_generados`
--

INSERT INTO `horarios_generados` (`id`, `fecha_generacion`, `estado`, `turno`) VALUES
(74, '2025-12-05 19:45:59', 'generado', 'matutino'),
(75, '2025-12-05 19:45:59', 'generado', 'matutino'),
(76, '2025-12-05 19:45:59', 'generado', 'matutino'),
(77, '2025-12-05 19:45:59', 'generado', 'matutino'),
(78, '2025-12-05 19:46:00', 'generado', 'matutino'),
(79, '2025-12-05 19:46:00', 'generado', 'matutino'),
(80, '2025-12-05 19:46:00', 'generado', 'matutino'),
(81, '2025-12-05 19:46:00', 'generado', 'matutino'),
(82, '2025-12-05 19:46:00', 'generado', 'matutino'),
(83, '2025-12-05 19:46:00', 'generado', 'matutino'),
(84, '2025-12-05 19:46:01', 'generado', 'matutino'),
(85, '2025-12-05 19:46:01', 'generado', 'matutino'),
(86, '2025-12-05 19:46:01', 'generado', 'matutino'),
(87, '2025-12-05 19:46:01', 'generado', 'matutino'),
(88, '2025-12-05 19:46:01', 'generado', 'matutino'),
(89, '2025-12-05 19:46:01', 'generado', 'matutino');

-- --------------------------------------------------------

--
-- Table structure for table `maestros`
--

CREATE TABLE `maestros` (
  `id` int(11) NOT NULL,
  `nombre` varchar(100) NOT NULL,
  `email` varchar(100) NOT NULL,
  `numero` varchar(50) DEFAULT NULL,
  `horas_max_dia` int(11) DEFAULT 8,
  `horas_max_semana` int(11) DEFAULT 15,
  `creado_en` timestamp NOT NULL DEFAULT current_timestamp()
) ENGINE=InnoDB DEFAULT CHARSET=utf8mb4 COLLATE=utf8mb4_general_ci;

--
-- Dumping data for table `maestros`
--

INSERT INTO `maestros` (`id`, `nombre`, `email`, `numero`, `horas_max_dia`, `horas_max_semana`, `creado_en`) VALUES
(96, 'Myriam Ornelas', 'myriam.ornelas@upv.edu.mx', '', 8, 15, '2025-12-05 16:02:02'),
(97, 'Arturo Mascorro', 'arturo.mascorro@upv.edu.mx', '', 8, 15, '2025-12-05 16:02:02'),
(98, 'Carlos Orozco', 'carlos.orozco@upv.edu.mx', '', 8, 15, '2025-12-05 16:02:02'),
(99, 'Erendira Gutierrez', 'erendira.gutierrez@upv.edu.mx', '', 8, 15, '2025-12-05 16:02:02'),
(100, 'Luis Felipe', 'luis.felipe@upv.edu.mx', '', 8, 15, '2025-12-05 16:02:02'),
(101, 'Fernando Requena', 'fernando.requena@upv.edu.mx', '', 8, 15, '2025-12-05 16:02:02'),
(102, 'Adriana L. Trujillo', 'adriana.trujillo@upv.edu.mx', '', 8, 15, '2025-12-05 16:02:02'),
(103, 'Alma Leticia', 'alma.leticia@upv.edu.mx', '', 8, 15, '2025-12-05 16:02:02'),
(104, 'Juan M. Ornelas', 'juan.ornelas@upv.edu.mx', '', 8, 15, '2025-12-05 16:02:02'),
(105, 'Manuel Ruiz M.', 'manuel.ruiz@upv.edu.mx', '', 8, 15, '2025-12-05 16:02:02'),
(106, 'Hugo E. Trevino', 'hugo.trevino@upv.edu.mx', '', 8, 15, '2025-12-05 16:02:02'),
(107, 'Marina C. Flores', 'marina.flores@upv.edu.mx', '', 8, 15, '2025-12-05 16:02:02'),
(108, 'Carlos Castillo', 'carlos.castillo@upv.edu.mx', '', 8, 15, '2025-12-05 16:02:02'),
(109, 'Maribel A. Marin', 'maribel.marin@upv.edu.mx', '', 8, 15, '2025-12-05 16:02:02'),
(110, 'Luis R. Flores', 'luis.flores@upv.edu.mx', '', 8, 15, '2025-12-05 16:02:02'),
(111, 'Israel Pulido P.', 'israel.pulido@upv.edu.mx', '', 8, 15, '2025-12-05 16:02:02'),
(112, 'Eduardo P. Gonzalez', 'eduardo.gonzalez@upv.edu.mx', '', 8, 15, '2025-12-05 16:02:02'),
(113, 'Hugo O. Camargo', 'hugo.camargo@upv.edu.mx', '', 8, 15, '2025-12-05 16:02:02'),
(114, 'Omar Jasso Luna', 'omar.jasso@upv.edu.mx', '', 8, 15, '2025-12-05 16:02:02'),
(115, 'Karla E. Vazquez', 'karla.vazquez@upv.edu.mx', '', 8, 15, '2025-12-05 16:02:02'),
(116, 'Alberto Garcia', 'alberto.garcia@upv.edu.mx', '', 8, 15, '2025-12-05 16:02:02'),
(117, 'Alma Delia Amaya', 'alma.amaya@upv.edu.mx', '', 8, 15, '2025-12-05 16:02:02'),
(118, 'Jorge A. Hernandez', 'jorge.hernandez@upv.edu.mx', '', 8, 15, '2025-12-05 16:02:02'),
(119, 'Jose Fidencio', 'jose.fidencio@upv.edu.mx', '', 8, 15, '2025-12-05 16:02:02'),
(120, 'Jean-Michael Richer', 'jean.richer@upv.edu.mx', '', 8, 15, '2025-12-05 16:02:02'),
(121, 'Hiram Herrera R.', 'hiram.herrera@upv.edu.mx', '', 8, 15, '2025-12-05 16:02:02'),
(122, 'Marco A. Nuno', 'marco.nuno@upv.edu.mx', '', 8, 15, '2025-12-05 16:02:02'),
(123, 'Mario H. Rodriguez', 'mario.rodriguez@upv.edu.mx', '', 8, 15, '2025-12-05 16:02:02'),
(124, 'Raquel', 'raquel@upv.edu.mx', '', 8, 15, '2025-12-05 16:02:02'),
(125, 'Said P. Martagon', 'said.martagon@upv.edu.mx', '', 8, 15, '2025-12-05 16:02:03'),
(126, 'Ricardo Mendoza', 'ricardo.mendoza@upv.edu.mx', '', 8, 15, '2025-12-05 16:02:03'),
(127, 'Patricia Sanchez', 'patricia.sanchez@upv.edu.mx', '', 8, 15, '2025-12-05 16:02:03'),
(128, 'Miguel A. Torres', 'miguel.torres@upv.edu.mx', '', 8, 15, '2025-12-05 16:02:03'),
(129, 'Laura E. Ramirez', 'laura.ramirez@upv.edu.mx', '', 8, 15, '2025-12-05 16:02:03'),
(130, 'Roberto Jimenez', 'roberto.jimenez@upv.edu.mx', '', 8, 15, '2025-12-05 16:02:03'),
(131, 'Sofia M. Delgado', 'sofia.delgado@upv.edu.mx', '', 8, 15, '2025-12-05 16:02:03'),
(132, 'Andres F. Lopez', 'andres.lopez@upv.edu.mx', '', 8, 15, '2025-12-05 16:02:03'),
(133, 'Diana R. Morales', 'diana.morales@upv.edu.mx', '', 8, 15, '2025-12-05 16:02:03'),
(134, 'Oscar G. Vargas', 'oscar.vargas@upv.edu.mx', '', 8, 15, '2025-12-05 16:02:03'),
(135, 'Fernanda Castro', 'fernanda.castro@upv.edu.mx', '', 8, 15, '2025-12-05 16:02:03');

-- --------------------------------------------------------

--
-- Table structure for table `maestro_materias`
--

CREATE TABLE `maestro_materias` (
  `id` int(11) NOT NULL,
  `maestro_id` int(11) NOT NULL,
  `materia_id` int(11) NOT NULL,
  `creado_en` timestamp NOT NULL DEFAULT current_timestamp()
) ENGINE=InnoDB DEFAULT CHARSET=utf8mb4 COLLATE=utf8mb4_general_ci;

--
-- Dumping data for table `maestro_materias`
--

INSERT INTO `maestro_materias` (`id`, `maestro_id`, `materia_id`, `creado_en`) VALUES
(247, 98, 14, '2025-12-05 16:02:02'),
(248, 98, 21, '2025-12-05 16:02:02'),
(249, 98, 28, '2025-12-05 16:02:02'),
(250, 98, 3, '2025-12-05 16:02:02'),
(251, 99, 10, '2025-12-05 16:02:02'),
(252, 99, 17, '2025-12-05 16:02:02'),
(253, 99, 31, '2025-12-05 16:02:02'),
(254, 100, 12, '2025-12-05 16:02:02'),
(255, 100, 19, '2025-12-05 16:02:02'),
(256, 100, 51, '2025-12-05 16:02:02'),
(257, 100, 56, '2025-12-05 16:02:02'),
(258, 101, 27, '2025-12-05 16:02:02'),
(259, 101, 41, '2025-12-05 16:02:02'),
(260, 101, 50, '2025-12-05 16:02:02'),
(261, 102, 15, '2025-12-05 16:02:02'),
(262, 102, 24, '2025-12-05 16:02:02'),
(263, 102, 38, '2025-12-05 16:02:02'),
(264, 103, 9, '2025-12-05 16:02:02'),
(265, 103, 16, '2025-12-05 16:02:02'),
(266, 103, 23, '2025-12-05 16:02:02'),
(267, 103, 30, '2025-12-05 16:02:02'),
(268, 103, 7, '2025-12-05 16:02:02'),
(269, 103, 45, '2025-12-05 16:02:02'),
(270, 103, 52, '2025-12-05 16:02:02'),
(271, 103, 59, '2025-12-05 16:02:02'),
(272, 104, 13, '2025-12-05 16:02:02'),
(273, 104, 53, '2025-12-05 16:02:02'),
(274, 104, 60, '2025-12-05 16:02:02'),
(275, 105, 22, '2025-12-05 16:02:02'),
(276, 105, 56, '2025-12-05 16:02:02'),
(277, 105, 58, '2025-12-05 16:02:02'),
(278, 106, 33, '2025-12-05 16:02:02'),
(279, 106, 40, '2025-12-05 16:02:02'),
(280, 106, 64, '2025-12-05 16:02:02'),
(281, 107, 10, '2025-12-05 16:02:02'),
(282, 107, 17, '2025-12-05 16:02:02'),
(283, 107, 46, '2025-12-05 16:02:02'),
(284, 108, 26, '2025-12-05 16:02:02'),
(285, 108, 42, '2025-12-05 16:02:02'),
(286, 108, 36, '2025-12-05 16:02:02'),
(287, 109, 14, '2025-12-05 16:02:02'),
(288, 109, 21, '2025-12-05 16:02:02'),
(289, 109, 35, '2025-12-05 16:02:02'),
(290, 109, 57, '2025-12-05 16:02:02'),
(291, 110, 11, '2025-12-05 16:02:02'),
(292, 110, 18, '2025-12-05 16:02:02'),
(293, 110, 25, '2025-12-05 16:02:02'),
(294, 110, 20, '2025-12-05 16:02:02'),
(295, 111, 48, '2025-12-05 16:02:02'),
(296, 111, 55, '2025-12-05 16:02:02'),
(297, 111, 62, '2025-12-05 16:02:02'),
(298, 112, 28, '2025-12-05 16:02:02'),
(299, 112, 3, '2025-12-05 16:02:02'),
(300, 112, 33, '2025-12-05 16:02:02'),
(301, 113, 47, '2025-12-05 16:02:02'),
(302, 113, 54, '2025-12-05 16:02:02'),
(303, 113, 61, '2025-12-05 16:02:02'),
(304, 114, 49, '2025-12-05 16:02:02'),
(305, 114, 31, '2025-12-05 16:02:02'),
(306, 114, 46, '2025-12-05 16:02:02'),
(307, 115, 9, '2025-12-05 16:02:02'),
(308, 115, 16, '2025-12-05 16:02:02'),
(309, 115, 23, '2025-12-05 16:02:02'),
(310, 115, 30, '2025-12-05 16:02:02'),
(311, 115, 7, '2025-12-05 16:02:02'),
(312, 115, 45, '2025-12-05 16:02:02'),
(313, 115, 52, '2025-12-05 16:02:02'),
(314, 115, 59, '2025-12-05 16:02:02'),
(315, 116, 12, '2025-12-05 16:02:02'),
(316, 116, 19, '2025-12-05 16:02:02'),
(317, 116, 51, '2025-12-05 16:02:02'),
(318, 117, 29, '2025-12-05 16:02:02'),
(319, 117, 43, '2025-12-05 16:02:02'),
(320, 117, 65, '2025-12-05 16:02:02'),
(321, 117, 63, '2025-12-05 16:02:02'),
(322, 118, 13, '2025-12-05 16:02:02'),
(323, 118, 11, '2025-12-05 16:02:02'),
(324, 118, 39, '2025-12-05 16:02:02'),
(325, 118, 32, '2025-12-05 16:02:02'),
(326, 119, 15, '2025-12-05 16:02:02'),
(327, 119, 24, '2025-12-05 16:02:02'),
(328, 120, 10, '2025-12-05 16:02:02'),
(329, 120, 31, '2025-12-05 16:02:02'),
(330, 120, 38, '2025-12-05 16:02:02'),
(331, 121, 27, '2025-12-05 16:02:02'),
(332, 121, 41, '2025-12-05 16:02:02'),
(333, 121, 62, '2025-12-05 16:02:02'),
(334, 122, 22, '2025-12-05 16:02:02'),
(335, 122, 56, '2025-12-05 16:02:02'),
(336, 122, 60, '2025-12-05 16:02:02'),
(337, 122, 53, '2025-12-05 16:02:02'),
(338, 123, 33, '2025-12-05 16:02:02'),
(339, 123, 35, '2025-12-05 16:02:02'),
(340, 123, 57, '2025-12-05 16:02:02'),
(341, 124, 48, '2025-12-05 16:02:03'),
(342, 124, 55, '2025-12-05 16:02:03'),
(343, 124, 63, '2025-12-05 16:02:03'),
(348, 126, 11, '2025-12-05 16:02:03'),
(349, 126, 18, '2025-12-05 16:02:03'),
(350, 126, 25, '2025-12-05 16:02:03'),
(351, 126, 13, '2025-12-05 16:02:03'),
(352, 127, 9, '2025-12-05 16:02:03'),
(353, 127, 16, '2025-12-05 16:02:03'),
(354, 127, 23, '2025-12-05 16:02:03'),
(355, 127, 30, '2025-12-05 16:02:03'),
(356, 127, 7, '2025-12-05 16:02:03'),
(357, 127, 45, '2025-12-05 16:02:03'),
(358, 128, 28, '2025-12-05 16:02:03'),
(359, 128, 3, '2025-12-05 16:02:03'),
(360, 128, 14, '2025-12-05 16:02:03'),
(361, 128, 21, '2025-12-05 16:02:03'),
(362, 129, 27, '2025-12-05 16:02:03'),
(363, 129, 41, '2025-12-05 16:02:03'),
(364, 129, 50, '2025-12-05 16:02:03'),
(365, 130, 33, '2025-12-05 16:02:03'),
(366, 130, 40, '2025-12-05 16:02:03'),
(367, 130, 35, '2025-12-05 16:02:03'),
(368, 131, 48, '2025-12-05 16:02:03'),
(369, 131, 55, '2025-12-05 16:02:03'),
(370, 131, 62, '2025-12-05 16:02:03'),
(371, 132, 12, '2025-12-05 16:02:03'),
(372, 132, 19, '2025-12-05 16:02:03'),
(373, 132, 51, '2025-12-05 16:02:03'),
(374, 132, 56, '2025-12-05 16:02:03'),
(375, 133, 10, '2025-12-05 16:02:03'),
(376, 133, 17, '2025-12-05 16:02:03'),
(377, 133, 38, '2025-12-05 16:02:03'),
(378, 133, 46, '2025-12-05 16:02:03'),
(379, 134, 26, '2025-12-05 16:02:03'),
(380, 134, 42, '2025-12-05 16:02:03'),
(381, 134, 36, '2025-12-05 16:02:03'),
(382, 135, 52, '2025-12-05 16:02:03'),
(383, 135, 59, '2025-12-05 16:02:03'),
(384, 135, 15, '2025-12-05 16:02:03'),
(385, 135, 24, '2025-12-05 16:02:03'),
(386, 125, 3, '2025-12-05 19:44:05'),
(387, 125, 14, '2025-12-05 19:44:05'),
(388, 125, 21, '2025-12-05 19:44:05'),
(389, 125, 28, '2025-12-05 19:44:05'),
(390, 125, 62, '2025-12-05 19:44:05'),
(391, 125, 34, '2025-12-05 19:44:05'),
(392, 125, 29, '2025-12-05 19:44:05'),
(401, 96, 7, '2025-12-06 23:53:02'),
(402, 96, 9, '2025-12-06 23:53:02'),
(403, 96, 16, '2025-12-06 23:53:02'),
(404, 96, 23, '2025-12-06 23:53:02'),
(405, 96, 30, '2025-12-06 23:53:02'),
(406, 96, 45, '2025-12-06 23:53:02'),
(407, 96, 52, '2025-12-06 23:53:02'),
(408, 96, 59, '2025-12-06 23:53:02'),
(409, 97, 11, '2025-12-06 23:59:15'),
(410, 97, 18, '2025-12-06 23:59:15'),
(411, 97, 20, '2025-12-06 23:59:15'),
(412, 97, 25, '2025-12-06 23:59:15'),
(413, 97, 32, '2025-12-06 23:59:15'),
(414, 97, 39, '2025-12-06 23:59:15');

-- --------------------------------------------------------

--
-- Table structure for table `materias`
--

CREATE TABLE `materias` (
  `id` int(11) NOT NULL,
  `nombre` varchar(100) NOT NULL,
  `horas_semanales` int(11) NOT NULL,
  `creado_en` timestamp NOT NULL DEFAULT current_timestamp(),
  `cuatrimestre` int(11) DEFAULT NULL,
  `plan_estudios_id` int(11) DEFAULT NULL
) ENGINE=InnoDB DEFAULT CHARSET=utf8mb4 COLLATE=utf8mb4_general_ci;

--
-- Dumping data for table `materias`
--

INSERT INTO `materias` (`id`, `nombre`, `horas_semanales`, `creado_en`, `cuatrimestre`, `plan_estudios_id`) VALUES
(1, 'Programación V', 4, '2025-11-25 03:42:15', NULL, NULL),
(2, 'Matemáticas', 4, '2025-11-25 03:42:15', NULL, NULL),
(3, 'Estructura de Datos', 4, '2025-11-25 03:42:15', NULL, NULL),
(4, 'Base de Datos', 3, '2025-11-25 03:42:15', NULL, NULL),
(5, 'Redes', 3, '2025-11-25 03:42:15', NULL, NULL),
(7, 'Ingles V', 4, '2025-12-03 16:24:22', NULL, NULL),
(8, 'Expresion Oral y Escrita', 3, '2025-12-03 16:24:30', NULL, NULL),
(9, 'INGLES I', 5, '2025-12-05 03:24:56', 1, 5),
(10, 'DESARROLLO HUMANO Y VALORES', 4, '2025-12-05 03:24:56', 1, 5),
(11, 'FUNDAMENTOS MATEMATICOS', 7, '2025-12-05 03:24:56', 1, 5),
(12, 'FUNDAMENTOS DE REDES', 4, '2025-12-05 03:24:56', 1, 5),
(13, 'FISICA', 6, '2025-12-05 03:24:56', 1, 5),
(14, 'FUNDAMENTOS DE PROGRAMACION', 4, '2025-12-05 03:24:56', 1, 5),
(15, 'COMUNICACION Y HABILIDADES DIGITALES', 5, '2025-12-05 03:24:56', 1, 5),
(16, 'INGLES II', 5, '2025-12-05 03:24:56', 2, 5),
(17, 'HABILIDADES SOCIOEMOCIONALES Y MANEJO DE CONFLICTOS', 4, '2025-12-05 03:24:56', 2, 5),
(18, 'CALCULO DIFERENCIAL', 6, '2025-12-05 03:24:56', 2, 5),
(19, 'CONMUTACION Y ENRUTAMIENTO DE REDES', 5, '2025-12-05 03:24:56', 2, 5),
(20, 'PROBABILIDAD Y ESTADISTICA', 5, '2025-12-05 03:24:56', 2, 5),
(21, 'PROGRAMACION ESTRUCTURADA', 5, '2025-12-05 03:24:56', 2, 5),
(22, 'SISTEMAS OPERATIVOS', 5, '2025-12-05 03:24:56', 2, 5),
(23, 'INGLES III', 5, '2025-12-05 03:24:56', 3, 5),
(24, 'DESARROLLO DEL PENSAMIENTO Y TOMA DE DECISIONES', 4, '2025-12-05 03:24:56', 3, 5),
(25, 'CALCULO INTEGRAL', 4, '2025-12-05 03:24:56', 3, 5),
(26, 'TOPICOS DE CALIDAD PARA EL DISENO DE SOFTWARE', 6, '2025-12-05 03:24:56', 3, 5),
(27, 'BASES DE DATOS', 5, '2025-12-05 03:24:56', 3, 5),
(28, 'PROGRAMACION ORIENTADA A OBJETOS', 7, '2025-12-05 03:24:56', 3, 5),
(29, 'PROYECTO INTEGRADOR I', 4, '2025-12-05 03:24:56', 3, 5),
(30, 'INGLES IV', 5, '2025-12-05 03:24:56', 4, 5),
(31, 'ETICA PROFESIONAL', 4, '2025-12-05 03:24:56', 4, 5),
(32, 'CALCULO DE VARIAS VARIABLES', 5, '2025-12-05 03:24:56', 4, 5),
(33, 'APLICACIONES WEB', 5, '2025-12-05 03:24:56', 4, 5),
(34, 'ESTRUCTURA DE DATOS', 5, '2025-12-05 03:24:56', 4, 5),
(35, 'DESARROLLO DE APLICACIONES MOVILES', 6, '2025-12-05 03:24:56', 4, 5),
(36, 'ANALISIS Y DISENO DE SOFTWARE', 5, '2025-12-05 03:24:56', 4, 5),
(37, 'INGLES V', 5, '2025-12-05 03:24:56', 5, 5),
(38, 'LIDERAZGO DE EQUIPOS DE ALTO DESEMPENO', 4, '2025-12-05 03:24:56', 5, 5),
(39, 'ECUACIONES DIFERENCIALES', 5, '2025-12-05 03:24:56', 5, 5),
(40, 'APLICACIONES WEB ORIENTADAS A SERVICIOS', 6, '2025-12-05 03:24:56', 5, 5),
(41, 'BASES DE DATOS AVANZADAS', 5, '2025-12-05 03:24:56', 5, 5),
(42, 'ESTANDARES Y METRICAS PARA EL DESARROLLO DE SOFTWARE', 6, '2025-12-05 03:24:56', 5, 5),
(43, 'PROYECTO INTEGRADOR II', 4, '2025-12-05 03:24:56', 5, 5),
(44, 'ESTADIA TSU', 40, '2025-12-05 03:24:56', 6, 5),
(45, 'INGLES VI', 5, '2025-12-05 03:24:56', 7, 5),
(46, 'HABILIDADES GERENCIALES', 4, '2025-12-05 03:24:56', 7, 5),
(47, 'FORMULACION DE PROYECTOS DE TECNOLOGIA', 4, '2025-12-05 03:24:56', 7, 5),
(48, 'FUNDAMENTOS DE INTELIGENCIA ARTIFICIAL', 6, '2025-12-05 03:24:56', 7, 5),
(49, 'LEGISLACION EN TECNOLOGIAS DE LA INFORMACION', 4, '2025-12-05 03:24:56', 7, 5),
(50, 'OPTATIVA I - MODELACION DE DATOS EN LA NUBE', 6, '2025-12-05 03:24:56', 7, 5),
(51, 'SEGURIDAD INFORMATICA', 6, '2025-12-05 03:24:56', 7, 5),
(52, 'INGLES VII', 5, '2025-12-05 03:24:56', 8, 5),
(53, 'ELECTRONICA DIGITAL', 5, '2025-12-05 03:24:56', 8, 5),
(54, 'GESTION DE PROYECTOS DE TECNOLOGIA', 4, '2025-12-05 03:24:56', 8, 5),
(55, 'PROGRAMACION PARA INTELIGENCIA ARTIFICIAL', 5, '2025-12-05 03:24:56', 8, 5),
(56, 'ADMINISTRACION DE SERVIDORES', 5, '2025-12-05 03:24:56', 8, 5),
(57, 'OPTATIVA II - PROGRAMACION MOVIL AVANZADA', 6, '2025-12-05 03:24:56', 8, 5),
(58, 'INFORMATICA FORENSE', 5, '2025-12-05 03:24:56', 8, 5),
(59, 'INGLES VIII', 5, '2025-12-05 03:24:56', 9, 5),
(60, 'INTERNET DE LAS COSAS', 5, '2025-12-05 03:24:56', 9, 5),
(61, 'EVALUACION DE PROYECTOS DE TECNOLOGIA', 4, '2025-12-05 03:24:56', 9, 5),
(62, 'CIENCIA DE DATOS', 6, '2025-12-05 03:24:56', 9, 5),
(63, 'TECNOLOGIAS DISRUPTIVAS', 5, '2025-12-05 03:24:56', 9, 5),
(64, 'OPTATIVA III - FRAMEWORKS PARA EL DESARROLLO', 6, '2025-12-05 03:24:56', 9, 5),
(65, 'PROYECTO INTEGRADOR III', 4, '2025-12-05 03:24:56', 9, 5),
(66, 'ESTADIA LICENCIATURA', 40, '2025-12-05 03:24:56', 10, 5);

-- --------------------------------------------------------

--
-- Table structure for table `planes_estudios`
--

CREATE TABLE `planes_estudios` (
  `id` int(11) NOT NULL,
  `nombre` varchar(100) NOT NULL,
  `descripcion` text DEFAULT NULL,
  `total_cuatrimestres` int(11) DEFAULT NULL,
  `creado_en` timestamp NULL DEFAULT current_timestamp()
) ENGINE=InnoDB DEFAULT CHARSET=utf8mb4 COLLATE=utf8mb4_general_ci;

--
-- Dumping data for table `planes_estudios`
--

INSERT INTO `planes_estudios` (`id`, `nombre`, `descripcion`, `total_cuatrimestres`, `creado_en`) VALUES
(5, 'ITIID', 'Licenciatura en Ingenieria en Tecnologias de la Informacion e Innovacion Digital', 10, '2025-12-05 03:24:56');

--
-- Indexes for dumped tables
--

--
-- Indexes for table `asignaciones`
--
ALTER TABLE `asignaciones`
  ADD PRIMARY KEY (`id`),
  ADD KEY `materia_id` (`materia_id`),
  ADD KEY `grupo_id` (`grupo_id`),
  ADD KEY `idx_asignacion_horario` (`horario_id`),
  ADD KEY `idx_asignacion_maestro` (`maestro_id`);

--
-- Indexes for table `disponibilidad_maestros`
--
ALTER TABLE `disponibilidad_maestros`
  ADD PRIMARY KEY (`id`),
  ADD KEY `idx_maestro_disponibilidad` (`maestro_id`);

--
-- Indexes for table `grupos`
--
ALTER TABLE `grupos`
  ADD PRIMARY KEY (`id`);

--
-- Indexes for table `horarios_generados`
--
ALTER TABLE `horarios_generados`
  ADD PRIMARY KEY (`id`);

--
-- Indexes for table `maestros`
--
ALTER TABLE `maestros`
  ADD PRIMARY KEY (`id`),
  ADD UNIQUE KEY `email` (`email`);

--
-- Indexes for table `maestro_materias`
--
ALTER TABLE `maestro_materias`
  ADD PRIMARY KEY (`id`),
  ADD UNIQUE KEY `unique_maestro_materia` (`maestro_id`,`materia_id`),
  ADD KEY `idx_maestro_materia` (`maestro_id`),
  ADD KEY `idx_materia_maestro` (`materia_id`);

--
-- Indexes for table `materias`
--
ALTER TABLE `materias`
  ADD PRIMARY KEY (`id`),
  ADD KEY `fk_plan_estudios` (`plan_estudios_id`);

--
-- Indexes for table `planes_estudios`
--
ALTER TABLE `planes_estudios`
  ADD PRIMARY KEY (`id`),
  ADD KEY `ix_planes_estudios_id` (`id`);

--
-- AUTO_INCREMENT for dumped tables
--

--
-- AUTO_INCREMENT for table `asignaciones`
--
ALTER TABLE `asignaciones`
  MODIFY `id` int(11) NOT NULL AUTO_INCREMENT, AUTO_INCREMENT=2626;

--
-- AUTO_INCREMENT for table `disponibilidad_maestros`
--
ALTER TABLE `disponibilidad_maestros`
  MODIFY `id` int(11) NOT NULL AUTO_INCREMENT, AUTO_INCREMENT=4280;

--
-- AUTO_INCREMENT for table `grupos`
--
ALTER TABLE `grupos`
  MODIFY `id` int(11) NOT NULL AUTO_INCREMENT, AUTO_INCREMENT=90;

--
-- AUTO_INCREMENT for table `horarios_generados`
--
ALTER TABLE `horarios_generados`
  MODIFY `id` int(11) NOT NULL AUTO_INCREMENT, AUTO_INCREMENT=90;

--
-- AUTO_INCREMENT for table `maestros`
--
ALTER TABLE `maestros`
  MODIFY `id` int(11) NOT NULL AUTO_INCREMENT, AUTO_INCREMENT=136;

--
-- AUTO_INCREMENT for table `maestro_materias`
--
ALTER TABLE `maestro_materias`
  MODIFY `id` int(11) NOT NULL AUTO_INCREMENT, AUTO_INCREMENT=415;

--
-- AUTO_INCREMENT for table `materias`
--
ALTER TABLE `materias`
  MODIFY `id` int(11) NOT NULL AUTO_INCREMENT, AUTO_INCREMENT=69;

--
-- AUTO_INCREMENT for table `planes_estudios`
--
ALTER TABLE `planes_estudios`
  MODIFY `id` int(11) NOT NULL AUTO_INCREMENT, AUTO_INCREMENT=10;

--
-- Constraints for dumped tables
--

--
-- Constraints for table `asignaciones`
--
ALTER TABLE `asignaciones`
  ADD CONSTRAINT `asignaciones_ibfk_1` FOREIGN KEY (`horario_id`) REFERENCES `horarios_generados` (`id`) ON DELETE CASCADE,
  ADD CONSTRAINT `asignaciones_ibfk_2` FOREIGN KEY (`maestro_id`) REFERENCES `maestros` (`id`) ON DELETE CASCADE,
  ADD CONSTRAINT `asignaciones_ibfk_3` FOREIGN KEY (`materia_id`) REFERENCES `materias` (`id`) ON DELETE CASCADE,
  ADD CONSTRAINT `asignaciones_ibfk_4` FOREIGN KEY (`grupo_id`) REFERENCES `grupos` (`id`) ON DELETE CASCADE;

--
-- Constraints for table `disponibilidad_maestros`
--
ALTER TABLE `disponibilidad_maestros`
  ADD CONSTRAINT `disponibilidad_maestros_ibfk_1` FOREIGN KEY (`maestro_id`) REFERENCES `maestros` (`id`) ON DELETE CASCADE;

--
-- Constraints for table `maestro_materias`
--
ALTER TABLE `maestro_materias`
  ADD CONSTRAINT `maestro_materias_ibfk_1` FOREIGN KEY (`maestro_id`) REFERENCES `maestros` (`id`) ON DELETE CASCADE,
  ADD CONSTRAINT `maestro_materias_ibfk_2` FOREIGN KEY (`materia_id`) REFERENCES `materias` (`id`) ON DELETE CASCADE;

--
-- Constraints for table `materias`
--
ALTER TABLE `materias`
  ADD CONSTRAINT `fk_plan_estudios` FOREIGN KEY (`plan_estudios_id`) REFERENCES `planes_estudios` (`id`) ON DELETE CASCADE;
COMMIT;

/*!40101 SET CHARACTER_SET_CLIENT=@OLD_CHARACTER_SET_CLIENT */;
/*!40101 SET CHARACTER_SET_RESULTS=@OLD_CHARACTER_SET_RESULTS */;
/*!40101 SET COLLATION_CONNECTION=@OLD_COLLATION_CONNECTION */;
